-- phpMyAdmin SQL Dump
-- version 5.2.0
-- https://www.phpmyadmin.net/
--
-- Host: localhost
-- Generation Time: Feb 16, 2023 at 05:22 AM
-- Server version: 10.4.21-MariaDB
-- PHP Version: 7.4.29

SET SQL_MODE = "NO_AUTO_VALUE_ON_ZERO";
START TRANSACTION;
SET time_zone = "+00:00";


/*!40101 SET @OLD_CHARACTER_SET_CLIENT=@@CHARACTER_SET_CLIENT */;
/*!40101 SET @OLD_CHARACTER_SET_RESULTS=@@CHARACTER_SET_RESULTS */;
/*!40101 SET @OLD_COLLATION_CONNECTION=@@COLLATION_CONNECTION */;
/*!40101 SET NAMES utf8mb4 */;

--
-- Database: `db_jour`
--

-- --------------------------------------------------------

--
-- Table structure for table `accounts`
--

CREATE TABLE `accounts` (
  `id` int(11) NOT NULL,
  `kode` varchar(160) NOT NULL,
  `nama` varchar(160) NOT NULL,
  `status` varchar(1) NOT NULL,
  `type` varchar(160) NOT NULL
) ENGINE=InnoDB DEFAULT CHARSET=utf8mb4;

--
-- Dumping data for table `accounts`
--

INSERT INTO `accounts` (`id`, `kode`, `nama`, `status`, `type`) VALUES
(1, '10100', 'Kas Dan Setara Kas', 'D', 'Assets'),
(2, '10200', 'Bank Rupiah', 'D', 'Assets'),
(3, '10300', 'Deposit', 'D', 'Assets'),
(4, '10400', 'Piutang', 'D', 'Assets'),
(5, '10500', 'Piutang Lainnya', 'D', 'Assets'),
(6, '10600', 'Persediaan', 'D', 'Assets'),
(7, '10700', 'Persediaan Wip', 'D', 'Assets'),
(8, '10800', 'Pembayaran Dimuka', 'D', 'Assets'),
(9, '10900', 'Pajak Dibayar Dimuka', 'D', 'Assets'),
(10, '11100', 'Investasi Jangka Pendek', 'D', 'Assets'),
(11, '11200', 'Investasi Surat Berharga', 'D', 'Assets'),
(12, '11300', 'Investasi Penyertaan Modal', 'D', 'Assets'),
(13, '11400', 'Aset Program Imbalan Pasca Kerja', 'D', 'Assets'),
(14, '11500', 'Aset Tetap - Nilai Perolehan', 'D', 'Assets'),
(15, '11600', 'Aset Tetap - Akumulasi Penyusutan', 'D', 'Assets'),
(16, '11700', 'Aset Tidak Berwujud - Nilai Perolehan', 'D', 'Assets'),
(17, '11800', 'Amortisasi Aset Tidak Berwujud', 'D', 'Assets'),
(18, '11900', 'Aset Lainnya', 'D', 'Assets'),
(19, '20100', 'Utang Usaha Bersih', 'K', 'Liabilities'),
(20, '20200', 'Utang Lancar Lainnya', 'K', 'Liabilities'),
(21, '20300', 'Utang Pajak', 'K', 'Liabilities'),
(22, '20400', 'Utang Bank Dan Non Bank Jangka Pendek', 'K', 'Liabilities'),
(23, '20500', 'Utang Gaji', 'K', 'Liabilities'),
(24, '20600', 'Utang Bank Dan Non Bank Jangka Panjang', 'K', 'Liabilities'),
(25, '20700', 'Utang Imbalan Kerja Jangka Panjang (Psak 24)', 'K', 'Liabilities'),
(26, '30100', 'Ekuitas', 'K', 'Ekuitas'),
(27, '40100', 'Penjualan Barang Dan Jasa', 'K', 'Pendapatan'),
(28, '40200', 'Potongan Penjualan', 'K', 'Pendapatan'),
(29, '40300', 'Retur Penjualan & Penalti', 'K', 'Pendapatan'),
(30, '50100', 'Beban Pemakaian Bahan Baku', 'D', 'Harga Pokok Produksi'),
(31, '50200', 'Beban Penyedia Jasa Subkontrak', 'D', 'Harga Pokok Produksi'),
(32, '60101', 'Beban Gaji Langsung', 'D', 'Biaya'),
(33, '60102', 'Beban Upah Tenaga Kontrak Langsung (Pulsa)', 'D', 'Biaya'),
(34, '60103', 'Beban Konsultan, Tenaga Ahli Dan Agen Pulsa', 'D', 'Biaya'),
(35, '60104', 'Beban Gaji Overhead Pulsa', 'D', 'Biaya'),
(36, '60105', 'Beban Bahan Pendukung Usaha', 'D', 'Biaya'),
(37, '60106', 'Beban Sewa Alat & Pengiriman', 'D', 'Biaya'),
(38, '60107', 'Beban Perjalanan Dinas', 'D', 'Biaya'),
(39, '60108', 'Beban Keselamatan Kerja', 'D', 'Biaya'),
(40, '60109', 'Beban Pemeliharaan Dan Perbaikan Aset Tetap', 'D', 'Biaya'),
(41, '60110', 'Beban Lain-Lain', 'D', 'Biaya'),
(42, '60111', 'Pengurangan Pembelian', 'D', 'Biaya'),
(43, '60112', 'Beban Board Of Director (Bod)', 'D', 'Biaya'),
(44, '60113', 'Beban Lain-Lain Corporate', 'D', 'Biaya');

-- --------------------------------------------------------

--
-- Table structure for table `account_trace`
--

CREATE TABLE `account_trace` (
  `id` int(11) NOT NULL,
  `waktu` datetime NOT NULL,
  `invoice` varchar(160) NOT NULL,
  `description` varchar(320) NOT NULL,
  `debt_code` varchar(60) NOT NULL,
  `cred_code` varchar(60) NOT NULL,
  `jumlah` int(11) NOT NULL,
  `status` int(11) NOT NULL,
  `rvpy` varchar(60) DEFAULT NULL,
  `pay_stats` int(11) DEFAULT NULL,
  `pay_nth` int(11) DEFAULT NULL,
  `user_id` int(11) NOT NULL
) ENGINE=InnoDB DEFAULT CHARSET=utf8mb4;

--
-- Dumping data for table `account_trace`
--

INSERT INTO `account_trace` (`id`, `waktu`, `invoice`, `description`, `debt_code`, `cred_code`, `jumlah`, `status`, `rvpy`, `pay_stats`, `pay_nth`, `user_id`) VALUES
(1, '2023-02-01 14:42:00', 'JR.BK.100223.7.0000001', 'Jasa Admin EDC SINDY1', '10100-002', '40100-002', 65000, 1, NULL, NULL, NULL, 7),
(2, '2023-02-01 14:43:00', 'JR.BK.100223.7.0000002', 'Jasa Admin EDC SINDY3', '10100-002', '40100-002', 151899, 1, NULL, NULL, NULL, 7),
(3, '2023-02-01 14:44:00', 'JR.BK.100223.7.0000003', 'Pembulatan Setoran', '10100-002', '40100-002', 331, 1, NULL, NULL, NULL, 7),
(4, '2023-02-01 14:44:00', 'JR.BK.100223.7.0000004', 'PEMBAYARAN TELKOMSEL', '10600-001', '10100-002', 3976500, 1, NULL, NULL, NULL, 7),
(5, '2023-02-01 14:45:00', 'JR.BK.100223.7.0000005', 'PEMBAYARAN SMARTFREN', '10600-001', '10100-002', 1558000, 1, NULL, NULL, NULL, 7),
(6, '2023-02-01 14:46:00', 'JR.BK.100223.7.0000006', 'Bayar LOGIN ACC', '10600-001', '10100-002', 300000, 1, NULL, NULL, NULL, 7),
(7, '2023-02-01 14:46:00', 'JR.BK.100223.7.0000007', 'BAyar VCR ISAT NUSAPRO', '10600-001', '10100-002', 3890000, 1, NULL, NULL, NULL, 7),
(8, '2023-02-01 14:47:00', 'JR.BK.100223.7.0000008', 'RETUR VCR AXIS SINDY 3', '10600-001', '10100-002', 7000, 1, NULL, NULL, NULL, 7),
(9, '2023-02-01 00:00:00', 'JR.BK.100223.7.0000009', 'KERIPIK (SINDY1)', '60113-001', '10100-001', 5000, 1, NULL, NULL, NULL, 7),
(10, '2023-02-01 00:00:00', 'JR.BK.100223.7.0000010', 'KEAMANAN (SINDY1)', '60110-002', '10100-001', 2000, 1, NULL, NULL, NULL, 7),
(11, '2023-02-01 00:00:00', 'JR.BK.100223.7.0000011', 'KEBERSIHAN (SINDY1)', '60110-003', '10100-001', 2000, 1, NULL, NULL, NULL, 7),
(12, '2023-02-01 00:00:00', 'JR.BK.100223.7.0000012', 'UM ADEA (SINDY1)', '60101-002', '10100-001', 15000, 1, NULL, NULL, NULL, 7),
(13, '2023-02-01 00:00:00', 'JR.BK.100223.7.0000013', 'UM DONA (SINDY1)', '60101-002', '10100-001', 15000, 1, NULL, NULL, NULL, 7),
(14, '2023-02-01 00:00:00', 'JR.BK.100223.7.0000014', 'BELI LEM KOREA DLL (PADEA) (SINDY1)', '60110-004', '10100-001', 50000, 1, NULL, NULL, NULL, 7),
(15, '2023-02-01 00:00:00', 'JR.BK.100223.7.0000015', 'SUMBANGAN (SINDY1)', '60113-001', '10100-001', 5000, 1, NULL, NULL, NULL, 7),
(16, '2023-02-02 00:00:00', 'JR.BK.100223.7.0000016', 'KERIPIK (SINDY1)', '60113-001', '10100-001', 5000, 1, NULL, NULL, NULL, 7),
(17, '2023-02-02 00:00:00', 'JR.BK.100223.7.0000017', 'KEAMANAN (SINDY1)', '60110-002', '10100-001', 2000, 1, NULL, NULL, NULL, 7),
(18, '2023-02-02 00:00:00', 'JR.BK.100223.7.0000018', 'KEBERSIHAN (SINDY1)', '60110-003', '10100-001', 2000, 1, NULL, NULL, NULL, 7),
(19, '2023-02-02 00:00:00', 'JR.BK.100223.7.0000019', 'UM ADEA (SINDY1)', '60101-002', '10100-001', 15000, 1, NULL, NULL, NULL, 7),
(20, '2023-02-02 00:00:00', 'JR.BK.100223.7.0000020', 'UM DONA (SINDY1)', '60101-002', '10100-001', 15000, 1, NULL, NULL, NULL, 7),
(21, '2023-02-02 00:00:00', 'JR.BK.100223.7.0000021', 'SUMBANGAN (SINDY1)', '60113-001', '10100-001', 2000, 1, NULL, NULL, NULL, 7),
(22, '2023-02-03 00:00:00', 'JR.BK.100223.7.0000022', 'KERIPIK (SINDY1)', '60113-001', '10100-001', 5000, 1, NULL, NULL, NULL, 7),
(23, '2023-02-03 00:00:00', 'JR.BK.100223.7.0000023', 'KEAMANAN (SINDY1)', '60110-002', '10100-001', 2000, 1, NULL, NULL, NULL, 7),
(24, '2023-02-03 00:00:00', 'JR.BK.100223.7.0000024', 'KEBERSIHAN (SINDY1)', '60110-003', '10100-001', 2000, 1, NULL, NULL, NULL, 7),
(25, '2023-02-03 00:00:00', 'JR.BK.100223.7.0000025', 'UM ADEA (SINDY1)', '60101-002', '10100-001', 15000, 1, NULL, NULL, NULL, 7),
(26, '2023-02-04 00:00:00', 'JR.BK.100223.7.0000026', 'KERIPIK (SINDY1)', '60113-001', '10100-001', 5000, 1, NULL, NULL, NULL, 7),
(27, '2023-02-04 00:00:00', 'JR.BK.100223.7.0000027', 'KEAMANAN (SINDY1)', '60110-002', '10100-001', 2000, 1, NULL, NULL, NULL, 7),
(28, '2023-02-04 00:00:00', 'JR.BK.100223.7.0000028', 'KEBERSIHAN (SINDY1)', '60110-003', '10100-001', 3000, 1, NULL, NULL, NULL, 7),
(29, '2023-02-04 00:00:00', 'JR.BK.100223.7.0000029', 'UM ADEA (SINDY1)', '60101-002', '10100-001', 15000, 1, NULL, NULL, NULL, 7),
(30, '2023-02-04 00:00:00', 'JR.BK.100223.7.0000030', 'UM IKI (SINDY1)', '60101-002', '10100-001', 15000, 1, NULL, NULL, NULL, 7),
(31, '2023-02-04 00:00:00', 'JR.BK.100223.7.0000031', 'UM DONA (SINDY1)', '60101-002', '10100-001', 15000, 1, NULL, NULL, NULL, 7),
(32, '2023-02-04 00:00:00', 'JR.BK.100223.7.0000032', 'BAYAR SPEEDY SINDY 1 (SINDY1)', '60105-002', '10100-001', 357000, 1, NULL, NULL, NULL, 7),
(33, '2023-02-04 00:00:00', 'JR.BK.100223.7.0000033', 'SUMBANGAN (SINDY1)', '60113-001', '10100-001', 5000, 1, NULL, NULL, NULL, 7),
(34, '2023-02-04 00:00:00', 'JR.BK.100223.7.0000034', 'BELI KESED & SAPU (SINDY1)', '60110-003', '10100-001', 50000, 1, NULL, NULL, NULL, 7),
(35, '2023-02-04 00:00:00', 'JR.BK.100223.7.0000035', 'BENSIN 1L BUAT BERSIH-BERSIH (SINDY1)', '60110-003', '10100-001', 10000, 1, NULL, NULL, NULL, 7),
(36, '2023-02-04 00:00:00', 'JR.BK.100223.7.0000036', 'BELI CONVERTER HARDDISK (PA DEA/ARIF) (SINDY1)', '60109-002', '10100-001', 120000, 1, NULL, NULL, NULL, 7),
(37, '2023-02-05 00:00:00', 'JR.BK.100223.7.0000037', 'KERIPIK (SINDY1)', '60113-001', '10100-001', 5000, 1, NULL, NULL, NULL, 7),
(38, '2023-02-05 00:00:00', 'JR.BK.100223.7.0000038', 'KEAMANAN (SINDY1)', '60110-002', '10100-001', 2000, 1, NULL, NULL, NULL, 7),
(39, '2023-02-05 00:00:00', 'JR.BK.100223.7.0000039', 'KEBERSIHAN (SINDY1)', '60110-003', '10100-001', 3000, 1, NULL, NULL, NULL, 7),
(40, '2023-02-05 00:00:00', 'JR.BK.100223.7.0000040', 'UM DONA (SINDY1)', '60101-002', '10100-001', 15000, 1, NULL, NULL, NULL, 7),
(41, '2023-02-06 00:00:00', 'JR.BK.100223.7.0000041', 'KERIPIK (SINDY1)', '60113-001', '10100-001', 5000, 1, NULL, NULL, NULL, 7),
(42, '2023-02-06 00:00:00', 'JR.BK.100223.7.0000042', 'KEAMANAN (SINDY1)', '60110-002', '10100-001', 2000, 1, NULL, NULL, NULL, 7),
(43, '2023-02-06 00:00:00', 'JR.BK.100223.7.0000043', 'KEBERSIHAN (SINDY1)', '60110-003', '10100-001', 3000, 1, NULL, NULL, NULL, 7),
(44, '2023-02-06 00:00:00', 'JR.BK.100223.7.0000044', 'UM ADEA (SINDY1)', '60101-002', '10100-001', 15000, 1, NULL, NULL, NULL, 7),
(45, '2023-02-06 00:00:00', 'JR.BK.100223.7.0000045', 'UM H EDI (SINDY1)', '60101-002', '10100-001', 15000, 1, NULL, NULL, NULL, 7),
(46, '2023-02-06 00:00:00', 'JR.BK.100223.7.0000046', 'UM DONA (SINDY1)', '60101-002', '10100-001', 15000, 1, NULL, NULL, NULL, 7),
(47, '2023-02-06 00:00:00', 'JR.BK.100223.7.0000047', 'TOKEN PLN SINDY 1 (SINDY1)', '60105-001', '10100-001', 202000, 1, NULL, NULL, NULL, 7),
(48, '2023-02-06 00:00:00', 'JR.BK.100223.7.0000048', 'BELI ROLL PRINTER (SINDY1)', '60110-004', '10100-001', 69000, 1, NULL, NULL, NULL, 7),
(49, '2023-02-07 00:00:00', 'JR.BK.100223.7.0000049', 'KERIPIK (SINDY1)', '60113-001', '10100-001', 5000, 1, NULL, NULL, NULL, 7),
(50, '2023-02-07 00:00:00', 'JR.BK.100223.7.0000050', 'KEAMANAN (SINDY1)', '60110-002', '10100-001', 2000, 1, NULL, NULL, NULL, 7),
(51, '2023-02-07 00:00:00', 'JR.BK.100223.7.0000051', 'KEBERSIHAN (SINDY1)', '60110-003', '10100-001', 3000, 1, NULL, NULL, NULL, 7),
(52, '2023-02-07 00:00:00', 'JR.BK.100223.7.0000052', 'UM ADEA (SINDY1)', '60101-002', '10100-001', 15000, 1, NULL, NULL, NULL, 7),
(53, '2023-02-07 00:00:00', 'JR.BK.100223.7.0000053', 'UM WANDI (SINDY1)', '60101-002', '10100-001', 15000, 1, NULL, NULL, NULL, 7),
(54, '2023-02-07 00:00:00', 'JR.BK.100223.7.0000054', 'UM DONA (SINDY1)', '60101-002', '10100-001', 15000, 1, NULL, NULL, NULL, 7),
(55, '2023-02-07 00:00:00', 'JR.BK.100223.7.0000055', 'CUAN HP PA WAWAN (SINDY1)', '60101-005', '10100-001', 10000, 1, NULL, NULL, NULL, 7),
(56, '2023-02-08 00:00:00', 'JR.BK.100223.7.0000056', 'KERIPIK (SINDY1)', '60113-001', '10100-001', 5000, 1, NULL, NULL, NULL, 7),
(57, '2023-02-08 00:00:00', 'JR.BK.100223.7.0000057', 'KEAMANAN (SINDY1)', '60110-002', '10100-001', 2000, 1, NULL, NULL, NULL, 7),
(58, '2023-02-08 00:00:00', 'JR.BK.100223.7.0000058', 'KEBERSIHAN (SINDY1)', '60110-003', '10100-001', 3000, 1, NULL, NULL, NULL, 7),
(59, '2023-02-08 00:00:00', 'JR.BK.100223.7.0000059', 'UM ADEA (SINDY1)', '60101-002', '10100-001', 15000, 1, NULL, NULL, NULL, 7),
(60, '2023-02-08 00:00:00', 'JR.BK.100223.7.0000060', 'UM DONA (SINDY1)', '60101-002', '10100-001', 15000, 1, NULL, NULL, NULL, 7),
(61, '2023-02-08 00:00:00', 'JR.BK.100223.7.0000061', 'BELI TISU (SINDY1)', '60110-004', '10100-001', 10000, 1, NULL, NULL, NULL, 7),
(62, '2023-02-08 00:00:00', 'JR.BK.100223.7.0000062', 'SERVICE LAMPU MOTOR (PADEA) (SINDY1)', '60109-004', '10100-001', 53000, 1, NULL, NULL, NULL, 7),
(63, '2023-02-08 00:00:00', 'JR.BK.100223.7.0000063', 'SUMBANGAN (SINDY1)', '60113-001', '10100-001', 5000, 1, NULL, NULL, NULL, 7),
(64, '2023-02-08 00:00:00', 'JR.BK.100223.7.0000064', 'ISI ULANG GALON (SINDY1)', '60110-008', '10100-001', 16000, 1, NULL, NULL, NULL, 7),
(65, '2023-02-01 00:00:00', 'JR.BK.100223.7.0000065', 'KERIPIK (SINDY3)', '60113-001', '10100-001', 5000, 1, NULL, NULL, NULL, 7),
(66, '2023-02-01 00:00:00', 'JR.BK.100223.7.0000066', 'KARCIS DESA (SINDY3)', '60110-010', '10100-001', 1500, 1, NULL, NULL, NULL, 7),
(67, '2023-02-01 00:00:00', 'JR.BK.100223.7.0000067', 'LEMBUR FENDY (SINDY3)', '60101-003', '10100-001', 30000, 1, NULL, NULL, NULL, 7),
(68, '2023-02-01 00:00:00', 'JR.BK.100223.7.0000068', 'ISI ULANG GALON (SINDY3)', '60110-008', '10100-001', 8000, 1, NULL, NULL, NULL, 7),
(69, '2023-02-01 00:00:00', 'JR.BK.100223.7.0000069', 'BELI LEM KERTAS (SINDY3)', '60110-004', '10100-001', 3500, 1, NULL, NULL, NULL, 7),
(70, '2023-02-01 00:00:00', 'JR.BK.100223.7.0000070', 'IURAN SAMPAH BULANAN (SINDY3)', '60110-003', '10100-001', 50000, 1, NULL, NULL, NULL, 7),
(71, '2023-02-01 00:00:00', 'JR.BK.100223.7.0000071', 'UM FENDY (SINDY3)', '60101-002', '10100-001', 15000, 1, NULL, NULL, NULL, 7),
(72, '2023-02-01 00:00:00', 'JR.BK.100223.7.0000072', 'UM WANDI (SINDY3)', '60101-002', '10100-001', 15000, 1, NULL, NULL, NULL, 7),
(73, '2023-02-01 00:00:00', 'JR.BK.100223.7.0000073', 'UM SANIA (SINDY3)', '60101-002', '10100-001', 15000, 1, NULL, NULL, NULL, 7),
(74, '2023-02-02 00:00:00', 'JR.BK.100223.7.0000074', 'LEMBUR INDRA (SINDY3)', '60101-003', '10100-001', 60000, 1, NULL, NULL, NULL, 7),
(75, '2023-02-02 00:00:00', 'JR.BK.100223.7.0000075', 'ONGKIR PAKET PESANAN (SINDY3)', '60110-007', '10100-001', 7500, 1, NULL, NULL, NULL, 7),
(76, '2023-02-02 00:00:00', 'JR.BK.100223.7.0000076', 'KERIPIK (SINDY3)', '60113-001', '10100-001', 5000, 1, NULL, NULL, NULL, 7),
(77, '2023-02-02 00:00:00', 'JR.BK.100223.7.0000077', 'KARCIS DESA (SINDY3)', '60110-010', '10100-001', 1500, 1, NULL, NULL, NULL, 7),
(78, '2023-02-02 00:00:00', 'JR.BK.100223.7.0000078', 'UM FENDY (SINDY3)', '60101-002', '10100-001', 15000, 1, NULL, NULL, NULL, 7),
(79, '2023-02-02 00:00:00', 'JR.BK.100223.7.0000079', 'UM WANDI (SINDY3)', '60101-002', '10100-001', 15000, 1, NULL, NULL, NULL, 7),
(80, '2023-02-02 00:00:00', 'JR.BK.100223.7.0000080', 'UM DWI (SINDY3)', '60101-002', '10100-001', 15000, 1, NULL, NULL, NULL, 7),
(81, '2023-02-02 00:00:00', 'JR.BK.100223.7.0000081', 'UM SANIA (SINDY3)', '60101-002', '10100-001', 15000, 1, NULL, NULL, NULL, 7),
(82, '2023-02-02 00:00:00', 'JR.BK.100223.7.0000082', 'LEMBUR FENDY (SINDY3)', '60101-003', '10100-001', 20000, 1, NULL, NULL, NULL, 7),
(83, '2023-02-03 00:00:00', 'JR.BK.100223.7.0000083', 'KERIPIK (SINDY3)', '60113-001', '10100-001', 5000, 1, NULL, NULL, NULL, 7),
(84, '2023-02-03 00:00:00', 'JR.BK.100223.7.0000084', 'KARCIS DESA (SINDY3)', '60110-010', '10100-001', 1500, 1, NULL, NULL, NULL, 7),
(85, '2023-02-03 00:00:00', 'JR.BK.100223.7.0000085', 'TOKEN LISTRIK (SINDY3)', '60105-001', '10100-001', 502000, 1, NULL, NULL, NULL, 7),
(86, '2023-02-03 00:00:00', 'JR.BK.100223.7.0000086', 'UM FENDY (SINDY3)', '60101-002', '10100-001', 15000, 1, NULL, NULL, NULL, 7),
(87, '2023-02-03 00:00:00', 'JR.BK.100223.7.0000087', 'UM WISEU (SINDY3)', '60101-002', '10100-001', 15000, 1, NULL, NULL, NULL, 7),
(88, '2023-02-03 00:00:00', 'JR.BK.100223.7.0000088', 'UM DWI (SINDY3)', '60101-002', '10100-001', 15000, 1, NULL, NULL, NULL, 7),
(89, '2023-02-03 00:00:00', 'JR.BK.100223.7.0000089', 'UM SANIA (SINDY3)', '60101-002', '10100-001', 15000, 1, NULL, NULL, NULL, 7),
(90, '2023-02-04 00:00:00', 'JR.BK.100223.7.0000090', 'KERIPIK (SINDY3)', '60113-001', '10100-001', 5000, 1, NULL, NULL, NULL, 7),
(91, '2023-02-04 00:00:00', 'JR.BK.100223.7.0000091', 'LEMBUR FENDY (SINDY3)', '60101-003', '10100-001', 30000, 1, NULL, NULL, NULL, 7),
(92, '2023-02-04 00:00:00', 'JR.BK.100223.7.0000092', 'LEMBUR INDRA (SINDY3)', '60101-003', '10100-001', 30000, 1, NULL, NULL, NULL, 7),
(93, '2023-02-04 00:00:00', 'JR.BK.100223.7.0000093', 'UM H EDI (SINDY3)', '60101-002', '10100-001', 15000, 1, NULL, NULL, NULL, 7),
(94, '2023-02-04 00:00:00', 'JR.BK.100223.7.0000094', 'UM FENDY (SINDY3)', '60101-002', '10100-001', 15000, 1, NULL, NULL, NULL, 7),
(95, '2023-02-04 00:00:00', 'JR.BK.100223.7.0000095', 'UM DWI (SINDY3)', '60101-002', '10100-001', 15000, 1, NULL, NULL, NULL, 7),
(96, '2023-02-04 00:00:00', 'JR.BK.100223.7.0000096', 'UM WANDI (SINDY3)', '60101-002', '10100-001', 15000, 1, NULL, NULL, NULL, 7),
(97, '2023-02-05 00:00:00', 'JR.BK.100223.7.0000097', 'KERIPIK (SINDY3)', '60113-001', '10100-001', 5000, 1, NULL, NULL, NULL, 7),
(98, '2023-02-05 00:00:00', 'JR.BK.100223.7.0000098', 'ONGKIR SAMSUNG (SINDY3)', '60110-007', '10100-001', 15000, 1, NULL, NULL, NULL, 7),
(99, '2023-02-05 00:00:00', 'JR.BK.100223.7.0000099', 'ISI ULANG GALON (SINDY3)', '60110-008', '10100-001', 16000, 1, NULL, NULL, NULL, 7),
(100, '2023-02-05 00:00:00', 'JR.BK.100223.7.0000100', 'UM H EDI (SINDY3)', '60101-002', '10100-001', 15000, 1, NULL, NULL, NULL, 7),
(101, '2023-02-05 00:00:00', 'JR.BK.100223.7.0000101', 'UM FENDY (SINDY3)', '60101-002', '10100-001', 15000, 1, NULL, NULL, NULL, 7),
(102, '2023-02-05 00:00:00', 'JR.BK.100223.7.0000102', 'UM SANIA (SINDY3)', '60101-002', '10100-001', 15000, 1, NULL, NULL, NULL, 7),
(103, '2023-02-05 00:00:00', 'JR.BK.100223.7.0000103', 'UM WANDI (SINDY3)', '60101-002', '10100-001', 15000, 1, NULL, NULL, NULL, 7),
(104, '2023-02-06 00:00:00', 'JR.BK.100223.7.0000105', 'SUMBANGAN KEMANUSIAAN (SINDY3)', '60113-001', '10100-001', 50000, 1, NULL, NULL, NULL, 7),
(105, '2023-02-06 00:00:00', 'JR.BK.100223.7.0000106', 'KERIPIK (SINDY3)', '60113-001', '10100-001', 5000, 1, NULL, NULL, NULL, 7),
(106, '2023-02-06 00:00:00', 'JR.BK.100223.7.0000107', 'KARCIS DESA (SINDY3)', '60110-010', '10100-001', 1500, 1, NULL, NULL, NULL, 7),
(107, '2023-02-06 00:00:00', 'JR.BK.100223.7.0000108', 'UANG SAMPAH BULANAN (LAGI ?) (SINDY3)', '60110-003', '10100-001', 50000, 1, NULL, NULL, NULL, 7),
(108, '2023-02-06 00:00:00', 'JR.BK.100223.7.0000109', 'LEMBUR WANDI (SINDY3)', '60101-003', '10100-001', 20000, 1, NULL, NULL, NULL, 7),
(109, '2023-02-06 00:00:00', 'JR.BK.100223.7.0000110', 'LEMBUR INDRA (SINDY3)', '60101-003', '10100-001', 50000, 1, NULL, NULL, NULL, 7),
(110, '2023-02-06 00:00:00', 'JR.BK.100223.7.0000111', 'UM SANIA (SINDY3)', '60101-002', '10100-001', 15000, 1, NULL, NULL, NULL, 7),
(111, '2023-02-06 00:00:00', 'JR.BK.100223.7.0000112', 'UM WANDI (SINDY3)', '60101-002', '10100-001', 15000, 1, NULL, NULL, NULL, 7),
(112, '2023-02-07 00:00:00', 'JR.BK.100223.7.0000113', 'KERIPIK (SINDY3)', '60113-001', '10100-001', 5000, 1, NULL, NULL, NULL, 7),
(113, '2023-02-07 00:00:00', 'JR.BK.100223.7.0000114', 'KARCIS DESA (SINDY3)', '60110-010', '10100-001', 1500, 1, NULL, NULL, NULL, 7),
(114, '2023-02-07 00:00:00', 'JR.BK.100223.7.0000115', 'UM FENDY (SINDY3)', '60101-002', '10100-001', 15000, 1, NULL, NULL, NULL, 7),
(115, '2023-02-07 00:00:00', 'JR.BK.100223.7.0000116', 'UM H EDI (SINDY3)', '60101-002', '10100-001', 15000, 1, NULL, NULL, NULL, 7),
(116, '2023-02-07 00:00:00', 'JR.BK.100223.7.0000117', 'UM SANIA (SINDY3)', '60101-002', '10100-001', 15000, 1, NULL, NULL, NULL, 7),
(117, '2023-02-07 00:00:00', 'JR.BK.100223.7.0000118', 'UM DWI (SINDY3)', '60101-002', '10100-001', 15000, 1, NULL, NULL, NULL, 7),
(118, '2023-02-07 00:00:00', 'JR.BK.100223.7.0000119', 'UM WISEU (SINDY3)', '60101-002', '10100-001', 15000, 1, NULL, NULL, NULL, 7),
(119, '2023-02-08 00:00:00', 'JR.BK.100223.7.0000120', 'KERIPIK (SINDY3)', '60113-001', '10100-001', 5000, 1, NULL, NULL, NULL, 7),
(120, '2023-02-08 00:00:00', 'JR.BK.100223.7.0000121', 'KARCIS DESA (SINDY3)', '60110-010', '10100-001', 1500, 1, NULL, NULL, NULL, 7),
(121, '2023-02-08 00:00:00', 'JR.BK.100223.7.0000122', 'UM FENDY (SINDY3)', '60101-002', '10100-001', 15000, 1, NULL, NULL, NULL, 7),
(122, '2023-02-08 00:00:00', 'JR.BK.100223.7.0000123', 'UM H EDI (SINDY3)', '60101-002', '10100-001', 15000, 1, NULL, NULL, NULL, 7),
(123, '2023-02-08 00:00:00', 'JR.BK.100223.7.0000124', 'UM SANIA (SINDY3)', '60101-002', '10100-001', 15000, 1, NULL, NULL, NULL, 7),
(124, '2023-02-08 00:00:00', 'JR.BK.100223.7.0000125', 'UM DWI (SINDY3)', '60101-002', '10100-001', 15000, 1, NULL, NULL, NULL, 7),
(125, '2023-02-08 00:00:00', 'JR.BK.100223.7.0000126', 'UM WISEU (SINDY3)', '60101-002', '10100-001', 15000, 1, NULL, NULL, NULL, 7),
(126, '2023-02-08 00:00:00', 'JR.BK.100223.7.0000127', 'UM WANDI (SINDY3)', '60101-002', '10100-001', 15000, 1, NULL, NULL, NULL, 7),
(127, '2023-02-08 00:00:00', 'JR.BK.100223.7.0000128', 'BELI KERTAS THERMAL (SINDY3)', '60110-004', '10100-001', 209000, 1, NULL, NULL, NULL, 7),
(128, '2023-02-08 00:00:00', 'JR.BK.100223.7.0000129', 'BELI KRESEK (SINDY3)', '60110-004', '10100-001', 100000, 1, NULL, NULL, NULL, 7),
(129, '2023-02-01 00:00:00', 'JR.BK.100223.7.0000130', 'UM PA IMAM (GSM)', '60101-002', '10100-001', 15000, 1, NULL, NULL, NULL, 7),
(130, '2023-02-01 00:00:00', 'JR.BK.100223.7.0000131', 'UM UST HERMAN (GSM)', '60101-002', '10100-001', 15000, 1, NULL, NULL, NULL, 7),
(131, '2023-02-01 00:00:00', 'JR.BK.100223.7.0000132', 'UPAH UST HERMAN (GSM)', '60101-004', '10100-001', 50000, 1, NULL, NULL, NULL, 7),
(132, '2023-02-02 00:00:00', 'JR.BK.100223.7.0000133', 'UM H EDI (GSM)', '60101-002', '10100-001', 15000, 1, NULL, NULL, NULL, 7),
(133, '2023-02-02 00:00:00', 'JR.BK.100223.7.0000134', 'UM PA IMAM (GSM)', '60101-002', '10100-001', 15000, 1, NULL, NULL, NULL, 7),
(134, '2023-02-02 00:00:00', 'JR.BK.100223.7.0000135', 'UM UST HERMAN (GSM)', '60101-002', '10100-001', 15000, 1, NULL, NULL, NULL, 7),
(135, '2023-02-02 00:00:00', 'JR.BK.100223.7.0000136', 'UPAH UST HERMAN (GSM)', '60101-004', '10100-001', 50000, 1, NULL, NULL, NULL, 7),
(136, '2023-02-03 00:00:00', 'JR.BK.100223.7.0000137', 'UM PA IMAM (GSM)', '60101-002', '10100-001', 15000, 1, NULL, NULL, NULL, 7),
(137, '2023-02-04 00:00:00', 'JR.BK.100223.7.0000138', 'UM PA IMAM (GSM)', '60101-002', '10100-001', 15000, 1, NULL, NULL, NULL, 7),
(138, '2023-02-04 00:00:00', 'JR.BK.100223.7.0000139', 'UM UST HERMAN (GSM)', '60101-002', '10100-001', 15000, 1, NULL, NULL, NULL, 7),
(139, '2023-02-04 00:00:00', 'JR.BK.100223.7.0000140', 'UPAH UST HERMAN (GSM)', '60101-004', '10100-001', 50000, 1, NULL, NULL, NULL, 7),
(140, '2023-02-05 00:00:00', 'JR.BK.100223.7.0000141', 'UM UST HERMAN (GSM)', '60101-002', '10100-001', 15000, 1, NULL, NULL, NULL, 7),
(141, '2023-02-05 00:00:00', 'JR.BK.100223.7.0000142', 'UPAH UST HERMAN (GSM)', '60101-004', '10100-001', 50000, 1, NULL, NULL, NULL, 7),
(142, '2023-02-06 00:00:00', 'JR.BK.100223.7.0000143', 'UM PA IMAM (GSM)', '60101-002', '10100-001', 15000, 1, NULL, NULL, NULL, 7),
(143, '2023-02-06 00:00:00', 'JR.BK.100223.7.0000144', 'UM UST HERMAN (GSM)', '60101-002', '10100-001', 15000, 1, NULL, NULL, NULL, 7),
(144, '2023-02-06 00:00:00', 'JR.BK.100223.7.0000145', 'UPAH UST HERMAN (GSM)', '60101-004', '10100-001', 50000, 1, NULL, NULL, NULL, 7),
(145, '2023-02-07 00:00:00', 'JR.BK.100223.7.0000146', 'UM PA IMAM (GSM)', '60101-002', '10100-001', 15000, 1, NULL, NULL, NULL, 7),
(146, '2023-02-07 00:00:00', 'JR.BK.100223.7.0000147', 'UM UST HERMAN (GSM)', '60101-002', '10100-001', 15000, 1, NULL, NULL, NULL, 7),
(147, '2023-02-07 00:00:00', 'JR.BK.100223.7.0000148', 'UPAH UST HERMAN (GSM)', '60101-004', '10100-001', 50000, 1, NULL, NULL, NULL, 7),
(148, '2023-02-08 00:00:00', 'JR.BK.100223.7.0000149', 'UM PA IMAM (GSM)', '60101-002', '10100-001', 15000, 1, NULL, NULL, NULL, 7),
(149, '2023-02-08 00:00:00', 'JR.BK.100223.7.0000150', 'UM UST HERMAN (GSM)', '60101-002', '10100-001', 15000, 1, NULL, NULL, NULL, 7),
(150, '2023-02-08 00:00:00', 'JR.BK.100223.7.0000151', 'UPAH UST HERMAN (GSM)', '60101-004', '10100-001', 50000, 1, NULL, NULL, NULL, 7),
(151, '2023-02-06 15:33:00', 'JR.BK.100223.7.0000152', 'DROPKAS KONTER', '10100-001', '30100-001', 2748500, 1, NULL, NULL, NULL, 7),
(152, '2023-02-02 15:34:00', 'JR.BK.100223.7.0000153', 'Jasa Admin EDC SINDY1', '10100-002', '40100-002', 65000, 1, NULL, NULL, NULL, 7),
(153, '2023-02-02 15:37:00', 'JR.BK.100223.7.0000154', 'Jasa Admin EDC sindy3', '10100-002', '40100-002', 120394, 1, NULL, NULL, NULL, 7),
(154, '2023-02-02 15:37:00', 'JR.BK.100223.7.0000155', 'Pembulatan Setoran', '10100-002', '40100-002', 485, 1, NULL, NULL, NULL, 7),
(155, '2023-02-02 15:41:00', 'PY.BK.100223.7.25.0000001', 'Bon ACC', '10600-001', '20100-001', 2486000, 1, 'Payable', 0, 0, 7),
(156, '2023-02-02 15:41:00', 'PY.BK.100223.7.25.0000001', 'Bayar ACC', '20100-001', '10600-001', 2486000, 1, 'Payable', 1, 1, 7),
(157, '2023-02-02 15:43:00', 'JR.BK.100223.7.0000156', 'Retur VF49 SINDY3', '10600-001', '10100-002', 123500, 1, NULL, NULL, NULL, 7),
(158, '2023-02-02 15:44:00', 'JR.BK.100223.7.0000157', 'Bayar MEGAKOM', '10600-001', '10100-002', 18011000, 1, NULL, NULL, NULL, 7),
(159, '2023-02-03 15:45:00', 'JR.BK.100223.7.0000158', 'Jasa EDC SINDY1', '10100-002', '40100-002', 40000, 1, NULL, NULL, NULL, 7),
(160, '2023-02-03 15:46:00', 'JR.BK.100223.7.0000159', 'Jasa EDC SINDY3', '10100-002', '40100-002', 79100, 1, NULL, NULL, NULL, 7),
(161, '2023-02-03 15:46:00', 'JR.BK.100223.7.0000160', 'Pembulatan Setoran', '10100-002', '40100-002', 259, 1, NULL, NULL, NULL, 7),
(162, '2023-02-03 15:47:00', 'JR.BK.100223.7.0000161', 'Bayar V Telkomsel', '10600-001', '10100-002', 2413500, 1, NULL, NULL, NULL, 7),
(163, '2023-02-03 15:47:00', 'JR.BK.100223.7.0000162', 'Jual Teh Botol', '10100-002', '40100-002', 3000, 1, NULL, NULL, NULL, 7),
(164, '2023-02-04 15:48:00', 'JR.BK.100223.7.0000163', 'Jasa EDC SINDY1', '10100-002', '40100-002', 100000, 1, NULL, NULL, NULL, 7),
(165, '2023-02-04 15:49:00', 'JR.BK.100223.7.0000164', 'Jasa EDC SINDY3', '10100-002', '40100-002', 126501, 1, NULL, NULL, NULL, 7),
(166, '2023-02-04 15:49:00', 'JR.BK.100223.7.0000165', 'Bayar SMARTFREN', '10600-001', '10100-002', 2957500, 1, NULL, NULL, NULL, 7),
(167, '2023-02-04 16:02:00', 'JR.BK.100223.7.0000166', 'Ganti Kerugian SO dari Uang Lebih', '10100-002', '40100-004', 305800, 1, NULL, NULL, NULL, 7),
(168, '2023-02-05 16:03:00', 'JR.BK.100223.7.0000167', 'jasa edc sindy1', '10100-002', '40100-002', 70000, 1, NULL, NULL, NULL, 7),
(169, '2023-02-05 16:08:00', 'JR.BK.100223.7.0000168', 'jasa edc SINDY3', '10100-002', '40100-002', 146900, 1, NULL, NULL, NULL, 7),
(170, '2023-02-05 16:08:00', 'JR.BK.100223.7.0000169', 'PEMBULATAN SETORAN', '10100-002', '40100-002', 428, 1, NULL, NULL, NULL, 7),
(171, '2023-02-06 16:09:00', 'JR.BK.100223.7.0000170', 'JASA EDC SINDY1', '10100-002', '40100-002', 135000, 1, NULL, NULL, NULL, 7),
(172, '2023-02-06 16:09:00', 'JR.BK.100223.7.0000171', 'JASA EDC SINDY3', '10100-002', '40100-002', 161300, 1, NULL, NULL, NULL, 7),
(173, '2023-02-06 16:10:00', 'JR.BK.100223.7.0000172', 'PEMBULATAN SETORAN', '10100-002', '40100-002', 328, 1, NULL, NULL, NULL, 7),
(174, '2023-02-06 16:10:00', 'JR.BK.100223.7.0000173', 'GANTI KERUGIAN SO SINDY1 DARI UANG LEBIH', '10100-002', '40100-002', 210917, 1, NULL, NULL, NULL, 7),
(175, '2023-02-06 16:11:00', 'JR.BK.100223.7.0000174', 'BAYAR INDOSAT', '10600-001', '10100-002', 1868000, 1, NULL, NULL, NULL, 7),
(176, '2023-02-06 16:12:00', 'JR.BK.100223.7.0000175', 'BAYAR TELKOMSEL', '10600-001', '10100-002', 4035000, 1, NULL, NULL, NULL, 7),
(177, '2023-02-06 16:13:00', 'JR.BK.100223.7.0000176', 'BAYAR MEGAKOM', '10600-001', '10100-002', 18997000, 1, NULL, NULL, NULL, 7),
(178, '2023-02-07 16:13:00', 'JR.BK.100223.7.0000177', 'JASA EDC SINDY1', '10100-002', '40100-002', 65000, 1, NULL, NULL, NULL, 7),
(179, '2023-02-07 16:16:00', 'JR.BK.100223.7.0000178', 'JASA EDC SINDY3', '10100-002', '40100-002', 198100, 1, NULL, NULL, NULL, 7),
(180, '2023-02-07 16:17:00', 'JR.BK.100223.7.0000179', 'PEMBULATAN SETORAN', '10100-002', '40100-002', 8, 1, NULL, NULL, NULL, 7),
(181, '2023-02-07 16:17:00', 'JR.BK.100223.7.0000180', 'LABA HAPE SECOND SINDY3', '10100-002', '40100-003', 350000, 1, NULL, NULL, NULL, 7),
(182, '2023-02-07 16:17:00', 'JR.BK.100223.7.0000181', 'BAYAR TELKOMSEL', '10600-001', '10100-002', 4939500, 1, NULL, NULL, NULL, 7),
(183, '2023-02-07 16:18:00', 'JR.BK.100223.7.0000182', 'BAYAR INDOSAT', '10600-001', '10100-002', 3120000, 1, NULL, NULL, NULL, 7),
(184, '2023-02-07 16:19:00', 'JR.BK.100223.7.0000183', 'BAYAR MEGAKOM', '10600-001', '10100-002', 2427500, 1, NULL, NULL, NULL, 7),
(185, '2023-02-08 16:19:00', 'JR.BK.100223.7.0000184', 'JASA EDC SINDY1', '10100-002', '40100-002', 75000, 1, NULL, NULL, NULL, 7),
(186, '2023-02-08 16:20:00', 'JR.BK.100223.7.0000185', 'JASA EDC SINDY3', '10100-002', '40100-002', 96927, 1, NULL, NULL, NULL, 7),
(187, '2023-02-08 16:20:00', 'JR.BK.100223.7.0000186', 'PEMBULATAN SETORAN', '10100-002', '40100-002', 60, 1, NULL, NULL, NULL, 7),
(188, '2023-02-08 16:20:00', 'JR.BK.100223.7.0000187', 'BAYAR TELKOMSEL', '10600-001', '10100-002', 3181500, 1, NULL, NULL, NULL, 7),
(189, '2023-02-08 16:21:00', 'JR.BK.100223.7.0000188', 'BAYAR MEGAKOM', '10600-001', '10100-002', 1593500, 1, NULL, NULL, NULL, 7),
(190, '2023-02-08 16:21:00', 'JR.BK.100223.7.0000189', 'BAYAR SMARTFREN', '10600-001', '10100-002', 733000, 1, NULL, NULL, NULL, 7),
(191, '2023-02-07 16:23:00', 'RV.BK.100223.7.30.0000001', 'Penjualan Blibli Instore', '10400-001', '10600-001', 4899020, 1, 'Receivable', 0, 0, 7),
(192, '2023-02-08 16:24:00', 'RV.BK.100223.7.30.0000001', 'Tarik Saldo Blibli', '10100-002', '10400-001', 4899020, 1, 'Receivable', 1, 1, 7),
(193, '2023-02-01 16:27:00', 'JR.BK.100223.7.0000190', 'TRSF E-BANKING CR 0102/FTSCY/WS95011 23949110.00 Acc tukar setor IYAN ANYAIL MUWAHI', '10200-001', '10100-002', 23949110, 1, NULL, NULL, NULL, 7),
(194, '2023-02-02 16:28:00', 'JR.BK.100223.7.0000191', 'Order OPPO', '10600-001', '10200-001', 8760000, 1, NULL, NULL, NULL, 7),
(195, '2023-02-02 16:29:00', 'JR.BK.100223.7.0000192', 'Order REALME', '10600-001', '10200-001', 8566000, 1, NULL, NULL, NULL, 7),
(196, '2023-02-01 16:32:00', 'PY.BK.100223.7.31.0000001', 'bon acc', '10600-001', '20100-001', 2700000, 1, 'Payable', 0, 0, 7),
(200, '2023-02-02 12:30:00', 'PY.BK.100223.7.31.0000001', 'Bayar BON', '20100-001', '10200-001', 2700000, 1, 'Payable', 1, 1, 7),
(201, '2023-02-02 12:31:00', 'JR.BK.110223.7.0000193', 'LABA KONTER 31-01', '30100-003', '10200-001', 983243, 1, NULL, NULL, NULL, 7),
(202, '2023-02-02 12:32:00', 'JR.BK.110223.7.0000194', 'laba konter 01-02', '30100-003', '10200-001', 893418, 1, NULL, NULL, NULL, 7),
(203, '2023-02-02 12:33:00', 'JR.BK.110223.7.0000195', 'Admin EDC 3101', '30100-003', '10200-001', 293192, 1, NULL, NULL, NULL, 7),
(204, '2023-02-02 12:33:00', 'JR.BK.110223.7.0000196', 'admin edc 0102', '30100-003', '10200-001', 216899, 1, NULL, NULL, NULL, 7),
(205, '2023-02-02 12:34:00', 'JR.BK.110223.7.0000197', 'SETORAN KONTER 01', '10200-001', '10100-002', 15281980, 1, NULL, NULL, NULL, 7),
(206, '2023-02-03 12:35:00', 'JR.BK.110223.7.0000198', 'admin edc 0202', '30100-003', '10200-001', 185394, 1, NULL, NULL, NULL, 7),
(207, '2023-02-03 12:50:00', 'JR.BK.110223.7.0000199', 'laba konter 0202', '30100-003', '10200-001', 936160, 1, NULL, NULL, NULL, 7),
(208, '2023-02-03 12:50:00', 'JR.BK.110223.7.0000200', 'ORder VIVO', '10600-001', '10200-001', 4320000, 1, NULL, NULL, NULL, 7),
(209, '2023-02-03 12:51:00', 'JR.BK.110223.7.0000201', 'Setoran Konter', '10100-002', '10200-001', 5312421, 2, NULL, NULL, NULL, 7),
(210, '2023-02-03 12:51:00', 'JR.BK.110223.7.0000202', 'Server Bayar VOUCHER XL', '10200-001', '10100-002', 274000, 1, NULL, NULL, NULL, 7),
(211, '2023-02-04 14:00:00', 'JR.BK.110223.7.0000203', 'admin edc 0302', '30100-003', '10200-001', 119100, 1, NULL, NULL, NULL, 7),
(212, '2023-02-04 14:00:00', 'JR.BK.110223.7.0000204', 'laba konter 0302', '30100-003', '10200-001', 676949, 1, NULL, NULL, NULL, 7),
(213, '2023-02-04 14:01:00', 'JR.BK.110223.7.0000205', 'ORDER VIVO', '10600-001', '10200-001', 8986000, 1, NULL, NULL, NULL, 7),
(214, '2023-02-04 14:02:00', 'JR.BK.110223.7.0000206', 'Setoran Konter', '10200-001', '10100-002', 9706909, 1, NULL, NULL, NULL, 7),
(215, '2023-02-05 14:04:00', 'JR.BK.110223.7.0000207', 'server bayar voucher', '10200-001', '10100-002', 11081875, 1, NULL, NULL, NULL, 7),
(216, '2023-02-06 14:05:00', 'JR.BK.110223.7.0000208', 'laba konter 0402', '30100-003', '10200-001', 827678, 1, NULL, NULL, NULL, 7),
(275, '2023-02-02 00:00:00', 'JR.BK.110223.7.0000209', 'Penjualan KASPIN GSM', '10100-002', '40100-001', 114000, 1, NULL, NULL, NULL, 7),
(276, '2023-02-03 00:00:00', 'JR.BK.110223.7.0000210', 'Penjualan KASPIN GSM', '10100-002', '40100-001', 373400, 1, NULL, NULL, NULL, 7),
(277, '2023-02-04 00:00:00', 'JR.BK.110223.7.0000211', 'Penjualan KASPIN GSM', '10100-002', '40100-001', 20000, 1, NULL, NULL, NULL, 7),
(278, '2023-02-05 00:00:00', 'JR.BK.110223.7.0000212', 'Penjualan KASPIN GSM', '10100-002', '40100-001', 11409875, 1, NULL, NULL, NULL, 7),
(279, '2023-02-06 00:00:00', 'JR.BK.110223.7.0000213', 'Penjualan KASPIN GSM', '10100-002', '40100-001', 5414000, 1, NULL, NULL, NULL, 7),
(280, '2023-02-07 00:00:00', 'JR.BK.110223.7.0000214', 'Penjualan KASPIN GSM', '10100-002', '40100-001', 143000, 1, NULL, NULL, NULL, 7),
(281, '2023-02-08 00:00:00', 'JR.BK.110223.7.0000215', 'Penjualan KASPIN GSM', '10100-002', '40100-001', 729000, 1, NULL, NULL, NULL, 7),
(282, '2023-02-09 00:00:00', 'JR.BK.110223.7.0000216', 'Penjualan KASPIN GSM', '10100-002', '40100-001', 35000, 1, NULL, NULL, NULL, 7),
(283, '2023-02-10 00:00:00', 'JR.BK.110223.7.0000217', 'Penjualan KASPIN GSM', '10100-002', '40100-001', 280000, 1, NULL, NULL, NULL, 7),
(284, '2023-02-01 00:00:00', 'JR.BK.110223.7.0000219', 'Penjualan KASPIN S1', '10100-002', '40100-001', 10310250, 1, NULL, NULL, NULL, 7),
(285, '2023-02-02 00:00:00', 'JR.BK.110223.7.0000220', 'Penjualan KASPIN S1', '10100-002', '40100-001', 7045300, 1, NULL, NULL, NULL, 7),
(286, '2023-02-03 00:00:00', 'JR.BK.110223.7.0000221', 'Penjualan KASPIN S1', '10100-002', '40100-001', 2923150, 1, NULL, NULL, NULL, 7),
(287, '2023-02-04 00:00:00', 'JR.BK.110223.7.0000222', 'Penjualan KASPIN S1', '10100-002', '40100-001', 7145400, 1, NULL, NULL, NULL, 7),
(288, '2023-02-05 00:00:00', 'JR.BK.110223.7.0000223', 'Penjualan KASPIN S1', '10100-002', '40100-001', 5115900, 1, NULL, NULL, NULL, 7),
(289, '2023-02-06 00:00:00', 'JR.BK.110223.7.0000224', 'Penjualan KASPIN S1', '10100-002', '40100-001', 4847800, 1, NULL, NULL, NULL, 7),
(290, '2023-02-07 00:00:00', 'JR.BK.110223.7.0000225', 'Penjualan KASPIN S1', '10100-002', '40100-001', 6448000, 1, NULL, NULL, NULL, 7),
(291, '2023-02-08 00:00:00', 'JR.BK.110223.7.0000226', 'Penjualan KASPIN S1', '10100-002', '40100-001', 8311000, 1, NULL, NULL, NULL, 7),
(292, '2023-02-09 00:00:00', 'JR.BK.110223.7.0000227', 'Penjualan KASPIN S1', '10100-002', '40100-001', 5586000, 1, NULL, NULL, NULL, 7),
(293, '2023-02-10 00:00:00', 'JR.BK.110223.7.0000228', 'Penjualan KASPIN S1', '10100-002', '40100-001', 4813400, 1, NULL, NULL, NULL, 7),
(294, '2023-02-01 00:00:00', 'JR.BK.110223.7.0000230', 'Penjualan KASPIN S3', '10100-002', '40100-001', 11951400, 1, NULL, NULL, NULL, 7),
(295, '2023-02-02 00:00:00', 'JR.BK.110223.7.0000231', 'Penjualan KASPIN S3', '10100-002', '40100-001', 7121400, 1, NULL, NULL, NULL, 7),
(296, '2023-02-03 00:00:00', 'JR.BK.110223.7.0000232', 'Penjualan KASPIN S3', '10100-002', '40100-001', 5855900, 1, NULL, NULL, NULL, 7),
(297, '2023-02-04 00:00:00', 'JR.BK.110223.7.0000233', 'Penjualan KASPIN S3', '10100-002', '40100-001', 13595500, 1, NULL, NULL, NULL, 7),
(298, '2023-02-05 00:00:00', 'JR.BK.110223.7.0000234', 'Penjualan KASPIN S3', '10100-002', '40100-001', 13739000, 1, NULL, NULL, NULL, 7),
(299, '2023-02-06 00:00:00', 'JR.BK.110223.7.0000235', 'Penjualan KASPIN S3', '10100-002', '40100-001', 13978200, 1, NULL, NULL, NULL, 7),
(300, '2023-02-07 00:00:00', 'JR.BK.110223.7.0000236', 'Penjualan KASPIN S3', '10100-002', '40100-001', 25742400, 1, NULL, NULL, NULL, 7),
(301, '2023-02-08 00:00:00', 'JR.BK.110223.7.0000237', 'Penjualan KASPIN S3', '10100-002', '40100-001', 6207500, 1, NULL, NULL, NULL, 7),
(302, '2023-02-09 00:00:00', 'JR.BK.110223.7.0000238', 'Penjualan KASPIN S3', '10100-002', '40100-001', 6502000, 1, NULL, NULL, NULL, 7),
(303, '2023-02-10 00:00:00', 'JR.BK.110223.7.0000239', 'Penjualan KASPIN S3', '10100-002', '40100-001', 7363000, 1, NULL, NULL, NULL, 7),
(304, '2023-02-02 00:00:00', 'JR.BK.110223.7.0000242', 'HPP KASPIN GSM', '50100-001', '10600-001', 96972, 1, NULL, NULL, NULL, 7),
(305, '2023-02-03 00:00:00', 'JR.BK.110223.7.0000243', 'HPP KASPIN GSM', '50100-001', '10600-001', 353250, 1, NULL, NULL, NULL, 7),
(306, '2023-02-04 00:00:00', 'JR.BK.110223.7.0000244', 'HPP KASPIN GSM', '50100-001', '10600-001', 17100, 1, NULL, NULL, NULL, 7),
(307, '2023-02-05 00:00:00', 'JR.BK.110223.7.0000245', 'HPP KASPIN GSM', '50100-001', '10600-001', 11371625, 1, NULL, NULL, NULL, 7),
(308, '2023-02-06 00:00:00', 'JR.BK.110223.7.0000246', 'HPP KASPIN GSM', '50100-001', '10600-001', 5401200, 1, NULL, NULL, NULL, 7),
(309, '2023-02-07 00:00:00', 'JR.BK.110223.7.0000247', 'HPP KASPIN GSM', '50100-001', '10600-001', 119500, 1, NULL, NULL, NULL, 7),
(310, '2023-02-08 00:00:00', 'JR.BK.110223.7.0000248', 'HPP KASPIN GSM', '50100-001', '10600-001', 707550, 1, NULL, NULL, NULL, 7),
(311, '2023-02-09 00:00:00', 'JR.BK.110223.7.0000249', 'HPP KASPIN GSM', '50100-001', '10600-001', 30950, 1, NULL, NULL, NULL, 7),
(312, '2023-02-10 00:00:00', 'JR.BK.110223.7.0000250', 'HPP KASPIN GSM', '50100-001', '10600-001', 257950, 1, NULL, NULL, NULL, 7),
(313, '2023-02-01 00:00:00', 'JR.BK.110223.7.0000252', 'HPP KASPIN S1', '50100-001', '10600-001', 9930666, 1, NULL, NULL, NULL, 7),
(314, '2023-02-02 00:00:00', 'JR.BK.110223.7.0000253', 'HPP KASPIN S1', '50100-001', '10600-001', 6621675, 1, NULL, NULL, NULL, 7),
(315, '2023-02-03 00:00:00', 'JR.BK.110223.7.0000254', 'HPP KASPIN S1', '50100-001', '10600-001', 2711050, 1, NULL, NULL, NULL, 7),
(316, '2023-02-04 00:00:00', 'JR.BK.110223.7.0000255', 'HPP KASPIN S1', '50100-001', '10600-001', 6788060, 1, NULL, NULL, NULL, 7),
(317, '2023-02-05 00:00:00', 'JR.BK.110223.7.0000256', 'HPP KASPIN S1', '50100-001', '10600-001', 4672146, 1, NULL, NULL, NULL, 7),
(318, '2023-02-06 00:00:00', 'JR.BK.110223.7.0000257', 'HPP KASPIN S1', '50100-001', '10600-001', 4542180, 1, NULL, NULL, NULL, 7),
(319, '2023-02-07 00:00:00', 'JR.BK.110223.7.0000258', 'HPP KASPIN S1', '50100-001', '10600-001', 6096280, 1, NULL, NULL, NULL, 7),
(320, '2023-02-08 00:00:00', 'JR.BK.110223.7.0000259', 'HPP KASPIN S1', '50100-001', '10600-001', 7874595, 1, NULL, NULL, NULL, 7),
(321, '2023-02-09 00:00:00', 'JR.BK.110223.7.0000260', 'HPP KASPIN S1', '50100-001', '10600-001', 5243280, 1, NULL, NULL, NULL, 7),
(322, '2023-02-10 00:00:00', 'JR.BK.110223.7.0000261', 'HPP KASPIN S1', '50100-001', '10600-001', 4607828, 1, NULL, NULL, NULL, 7),
(323, '2023-02-01 00:00:00', 'JR.BK.110223.7.0000263', 'HPP KASPIN S3', '50100-001', '10600-001', 11437566, 1, NULL, NULL, NULL, 7),
(324, '2023-02-02 00:00:00', 'JR.BK.110223.7.0000264', 'HPP KASPIN S3', '50100-001', '10600-001', 6625893, 1, NULL, NULL, NULL, 7),
(325, '2023-02-03 00:00:00', 'JR.BK.110223.7.0000265', 'HPP KASPIN S3', '50100-001', '10600-001', 5411201, 1, NULL, NULL, NULL, 7),
(326, '2023-02-04 00:00:00', 'JR.BK.110223.7.0000266', 'HPP KASPIN S3', '50100-001', '10600-001', 13128062, 1, NULL, NULL, NULL, 7),
(327, '2023-02-05 00:00:00', 'JR.BK.110223.7.0000267', 'HPP KASPIN S3', '50100-001', '10600-001', 12876962, 1, NULL, NULL, NULL, 7),
(328, '2023-02-06 00:00:00', 'JR.BK.110223.7.0000268', 'HPP KASPIN S3', '50100-001', '10600-001', 13355226, 1, NULL, NULL, NULL, 7),
(329, '2023-02-07 00:00:00', 'JR.BK.110223.7.0000269', 'HPP KASPIN S3', '50100-001', '10600-001', 24912767, 1, NULL, NULL, NULL, 7),
(330, '2023-02-08 00:00:00', 'JR.BK.110223.7.0000270', 'HPP KASPIN S3', '50100-001', '10600-001', 5806570, 1, NULL, NULL, NULL, 7),
(331, '2023-02-09 00:00:00', 'JR.BK.110223.7.0000271', 'HPP KASPIN S3', '50100-001', '10600-001', 6370670, 1, NULL, NULL, NULL, 7),
(332, '2023-02-10 00:00:00', 'JR.BK.110223.7.0000272', 'HPP KASPIN S3', '50100-001', '10600-001', 6881053, 1, NULL, NULL, NULL, 7),
(333, '2023-01-31 10:43:00', 'RV.BK.150223.7.23.0000001', 'Bon HP', '10400-001', '10600-001', 2210000, 1, 'Receivable', 0, 0, 7),
(334, '2023-02-01 10:44:00', 'RV.BK.150223.7.23.0000001', 'Bayar Cash', '10100-002', '10400-001', 2210000, 1, 'Receivable', 1, 1, 7),
(335, '2023-01-31 10:50:00', 'RV.BK.150223.7.4.0000001', 'Wandi voucher', '10400-001', '10600-001', 124600, 1, 'Receivable', 0, 0, 7),
(336, '2023-02-01 10:52:00', 'RV.BK.150223.7.4.0000001', 'Bayar Cash', '10100-002', '10400-001', 124600, 1, 'Receivable', 1, 1, 7),
(337, '2023-01-31 11:12:00', 'RV.BK.150223.7.9.0000001', 'Bon HP', '10400-002', '10600-001', 848000, 1, 'Receivable', 0, 0, 7),
(338, '2023-02-01 11:14:00', 'RV.BK.150223.7.9.0000001', 'Bayar Cicilan', '10100-002', '10400-002', 200000, 1, 'Receivable', 1, 1, 7),
(339, '2023-02-02 11:55:00', 'RV.BK.150223.7.22.0000001', 'Bon voucher', '10400-002', '40100-001', 653500, 1, 'Receivable', 0, 0, 7),
(340, '2023-02-02 11:55:00', 'RV.BK.150223.7.22.0000001', 'Bon voucher', '50100-001', '10600-001', 625035, 1, 'Receivable', 0, 0, 7),
(341, '2023-02-02 12:00:00', 'RV.BK.150223.7.22.0000002', 'bon voucher', '10400-002', '40100-001', 88000, 1, 'Receivable', 0, 0, 7),
(342, '2023-02-02 12:00:00', 'RV.BK.150223.7.22.0000002', 'bon voucher', '50100-001', '10600-001', 85250, 1, 'Receivable', 0, 0, 7),
(343, '2023-02-02 12:02:00', 'RV.BK.150223.7.23.0000002', 'Bon HP', '10400-001', '40100-001', 3120000, 1, 'Receivable', 0, 0, 7),
(344, '2023-02-02 12:02:00', 'RV.BK.150223.7.23.0000002', 'Bon HP', '50100-001', '10600-001', 3068070, 1, 'Receivable', 0, 0, 7),
(347, '2023-02-05 12:06:00', 'RV.BK.150223.7.22.0000003', 'bon voucher', '10400-002', '40100-001', 178000, 1, 'Receivable', 0, 0, 7),
(348, '2023-02-05 12:06:00', 'RV.BK.150223.7.22.0000003', 'bon voucher', '50100-001', '10600-001', 171000, 1, 'Receivable', 0, 0, 7),
(349, '2023-02-08 12:06:00', 'RV.BK.150223.7.23.0000003', 'bon hp', '10400-001', '40100-001', 1435000, 1, 'Receivable', 0, 0, 7),
(350, '2023-02-08 12:06:00', 'RV.BK.150223.7.23.0000003', 'bon hp', '50100-001', '10600-001', 1399000, 1, 'Receivable', 0, 0, 7),
(351, '2023-02-08 12:07:00', 'RV.BK.150223.7.22.0000004', 'bon voucher', '10400-002', '40100-001', 76900, 1, 'Receivable', 0, 0, 7),
(352, '2023-02-08 12:07:00', 'RV.BK.150223.7.22.0000004', 'bon voucher', '50100-001', '10600-001', 73150, 1, 'Receivable', 0, 0, 7),
(353, '2023-02-09 12:07:00', 'RV.BK.150223.7.23.0000004', 'bon hp', '10400-001', '40100-001', 3200000, 1, 'Receivable', 0, 0, 7),
(354, '2023-02-09 12:07:00', 'RV.BK.150223.7.23.0000004', 'bon hp', '50100-001', '10600-001', 3150000, 1, 'Receivable', 0, 0, 7),
(355, '2023-02-09 12:08:00', 'RV.BK.150223.7.22.0000005', 'bon voucher', '10400-002', '40100-001', 50000, 1, 'Receivable', 0, 0, 7),
(356, '2023-02-09 12:08:00', 'RV.BK.150223.7.22.0000005', 'bon voucher', '50100-001', '10600-001', 32000, 1, 'Receivable', 0, 0, 7),
(357, '2023-02-10 12:08:00', 'RV.BK.150223.7.23.0000005', 'bon hp', '10400-001', '40100-001', 3400000, 1, 'Receivable', 0, 0, 7),
(358, '2023-02-10 12:08:00', 'RV.BK.150223.7.23.0000005', 'bon hp', '50100-001', '10600-001', 3337000, 1, 'Receivable', 0, 0, 7),
(359, '2023-02-02 12:10:00', 'RV.BK.150223.7.22.0000001', 'Bayar cash', '10100-002', '10400-002', 653500, 1, 'Receivable', 1, 1, 7),
(360, '2023-02-02 12:11:00', 'RV.BK.150223.7.22.0000002', 'bayar cash', '10100-002', '10400-002', 88000, 1, 'Receivable', 1, 1, 7),
(361, '2023-01-27 12:13:00', 'RV.BK.150223.7.20.0000001', 'kp smart', '10400-002', '40100-001', 100000, 1, 'Receivable', 0, 0, 7),
(362, '2023-01-27 12:13:00', 'RV.BK.150223.7.20.0000001', 'kp smart', '50100-001', '10600-001', 98500, 1, 'Receivable', 0, 0, 7),
(363, '2023-02-02 12:13:00', 'RV.BK.150223.7.20.0000001', 'bayar cash', '10100-002', '10400-002', 100000, 1, 'Receivable', 1, 1, 7),
(364, '2023-02-02 14:02:00', 'JR.BK.150223.7.0000273', 'Bayar WELCOMM', '10600-001', '10100-002', 2486000, 1, NULL, NULL, NULL, 7),
(365, '2023-02-02 14:04:00', 'PY.BK.150223.7.29.0000001', 'Pinjaman dari setoran deposit', '10100-002', '20100-001', 5312421, 1, 'Payable', 0, 0, 7),
(366, '2023-02-03 14:09:00', 'RV.BK.150223.7.23.0000002', 'bayar', '10100-002', '10400-001', 3120000, 1, 'Receivable', 1, 1, 7),
(367, '2023-02-03 14:16:00', 'PY.BK.150223.7.29.0000001', 'bayar bon', '20100-001', '10200-001', 5312421, 1, 'Payable', 1, 1, 7),
(368, '2023-02-03 14:17:00', 'JR.BK.150223.7.0000274', 'penyesuaian', '60110-011', '10100-002', 400, 1, NULL, NULL, NULL, 7),
(369, '2023-02-04 14:25:00', 'JR.BK.150223.7.0000275', 'penyesuaian', '60110-011', '10100-002', 400, 1, NULL, NULL, NULL, 7),
(370, '2023-02-05 14:35:00', 'RV.BK.150223.7.22.0000003', 'Bayar cash', '10100-002', '10400-002', 178000, 1, 'Receivable', 1, 1, 7),
(371, '2022-12-30 14:39:00', 'RV.BK.150223.7.14.0000001', 'HP', '10400-001', '10600-001', 449000, 1, 'Receivable', 0, 0, 7),
(372, '2023-02-06 14:40:00', 'RV.BK.150223.7.14.0000001', 'bayar', '10100-002', '10400-001', 449000, 1, 'Receivable', 1, 1, 7),
(373, '2023-02-06 14:47:00', 'JR.BK.150223.7.0000276', '.00 LABA KONTER 05/02/2023 IYAN ANYAIL MUWAHI', '30100-003', '10200-001', 1344042, 1, NULL, NULL, NULL, 7),
(374, '2023-02-06 14:48:00', 'JR.BK.150223.7.0000277', 'edc 04-02', '30100-003', '10200-001', 226501, 1, NULL, NULL, NULL, 7),
(375, '2023-02-06 14:49:00', 'JR.BK.150223.7.0000278', 'ADMIN EDC 05/02/2023 IYAN ANYAIL MUWAHI', '30100-003', '10200-001', 216900, 1, NULL, NULL, NULL, 7),
(376, '2023-02-06 14:50:00', 'JR.BK.150223.7.0000279', '02071/VIVO BANDUNG', '10600-001', '10200-001', 9694000, 1, NULL, NULL, NULL, 7),
(377, '2023-02-06 14:50:00', 'JR.BK.150223.7.0000280', 'Setoran tgl 0402', '10200-001', '10100-002', 18335301, 1, NULL, NULL, NULL, 7),
(378, '2023-02-06 14:51:00', 'JR.BK.150223.7.0000281', 'Setoran Tgl 0502', '10200-001', '10100-002', 19578228, 1, NULL, NULL, NULL, 7),
(379, '2023-01-31 14:52:00', 'PY.BK.150223.7.29.0000002', 'pinjman sementara', '10600-001', '20100-001', 20000000, 1, 'Payable', 0, 0, 7),
(380, '2023-02-06 14:53:00', 'PY.BK.150223.7.29.0000002', 'bayar pinjaman', '20100-001', '10200-001', 20000000, 1, 'Payable', 1, 1, 7),
(381, '2023-02-06 14:53:00', 'JR.BK.150223.7.0000282', 'order vcr server', '10200-001', '10100-002', 5364000, 1, NULL, NULL, NULL, 7),
(382, '2023-02-06 14:56:00', 'PY.BK.150223.7.29.0000003', 'Pinjamn dari setoran deposit', '10100-002', '20100-001', 5067455, 1, 'Payable', 0, 0, 7),
(384, '2023-02-08 15:04:00', 'JR.BK.150223.7.0000284', 'server bayar vcr', '10200-001', '10100-002', 404500, 1, NULL, NULL, NULL, 7),
(385, '2023-02-08 15:06:00', 'JR.BK.150223.7.0000285', 'server bayar vcr', '10200-001', '10100-002', 205500, 1, NULL, NULL, NULL, 7),
(386, '2023-02-07 15:09:00', 'JR.BK.150223.7.0000286', 'edc 06-02', '30100-003', '10200-001', 296300, 1, NULL, NULL, NULL, 7),
(387, '2023-02-07 15:09:00', 'JR.BK.150223.7.0000287', 'labakonter 06-02', '30100-003', '10200-001', 941395, 1, NULL, NULL, NULL, 7),
(388, '2023-02-07 15:10:00', 'JR.BK.150223.7.0000288', 'VIVO BANDUNG', '10600-001', '10200-001', 9694000, 1, NULL, NULL, NULL, 7),
(389, '2023-02-07 15:10:00', 'JR.BK.150223.7.0000289', 'OPPO - - 0122035301', '10600-001', '10200-001', 15060000, 1, NULL, NULL, NULL, 7),
(390, '2023-02-07 15:11:00', 'JR.BK.150223.7.0000290', 'ORDER REALME SINDY CELL TOP SELULAR CV', '10600-001', '10200-001', 11152000, 1, NULL, NULL, NULL, 7),
(391, '2023-02-07 15:12:00', 'PY.BK.150223.7.29.0000003', 'bayar pinjaman', '20100-001', '10200-001', 5067455, 1, 'Payable', 1, 1, 7),
(392, '2023-02-08 15:13:00', 'JR.BK.150223.7.0000291', 'Setoran KOnter', '10200-001', '10100-002', 22459508, 1, NULL, NULL, NULL, 7),
(393, '2023-02-08 15:13:00', 'JR.BK.150223.7.0000292', 'edc 0702', '30100-003', '10200-001', 263100, 1, NULL, NULL, NULL, 7),
(394, '2023-02-08 15:14:00', 'JR.BK.150223.7.0000293', 'laba konter 0702', '30100-003', '10200-001', 1204854, 1, NULL, NULL, NULL, 7),
(395, '2023-02-08 15:14:00', 'JR.BK.150223.7.0000294', 'SHOPEE - - 5186080992', '10600-001', '10200-001', 380480, 1, NULL, NULL, NULL, 7),
(396, '2023-02-08 15:15:00', 'JR.BK.150223.7.0000295', 'VIVO BANDUNG - - 192073', '10600-001', '10200-001', 10620000, 1, NULL, NULL, NULL, 7),
(397, '2023-02-08 15:29:00', 'JR.BK.150223.7.0000296', 'dari blibli', '10200-001', '10100-002', 4899020, 1, NULL, NULL, NULL, 7),
(398, '2022-12-31 10:51:00', 'RV.BK.160223.7.1.0000001', 'awal piutang', '10400-001', '10600-001', 11430000, 1, 'Receivable', 0, 0, 7),
(399, '2022-12-31 10:51:00', 'RV.BK.160223.7.2.0000001', 'awal piutang', '10400-001', '10600-001', 15345000, 1, 'Receivable', 0, 0, 7),
(400, '2022-12-31 10:52:00', 'RV.BK.160223.7.3.0000001', 'awal', '10400-001', '10600-001', 2000000, 1, 'Receivable', 0, 0, 7),
(401, '2022-12-31 10:52:00', 'RV.BK.160223.7.4.0000002', 'awal', '10400-002', '10600-001', 83500, 1, 'Receivable', 0, 0, 7),
(402, '2022-12-31 10:53:00', 'RV.BK.160223.7.5.0000001', 'awal', '10400-001', '10600-001', 28175000, 1, 'Receivable', 0, 0, 7),
(403, '2022-12-31 10:53:00', 'RV.BK.160223.7.6.0000001', 'awal', '10400-001', '10600-001', 1000000, 1, 'Receivable', 0, 0, 7),
(404, '2022-12-31 10:54:00', 'RV.BK.160223.7.7.0000001', 'awal', '10400-001', '10600-001', 817300, 1, 'Receivable', 0, 0, 7),
(405, '2022-12-31 10:54:00', 'RV.BK.160223.7.8.0000001', 'awal', '10400-001', '10600-001', 675000, 1, 'Receivable', 0, 0, 7),
(406, '2022-12-31 10:55:00', 'RV.BK.160223.7.10.0000001', 'awal', '10400-002', '10600-001', 800000, 1, 'Receivable', 0, 0, 7),
(407, '2022-12-31 10:55:00', 'RV.BK.160223.7.11.0000001', 'awal', '10400-002', '10600-001', 17665000, 1, 'Receivable', 0, 0, 7),
(408, '2022-12-31 10:56:00', 'RV.BK.160223.7.12.0000001', 'awal', '10400-002', '10600-001', 689000, 1, 'Receivable', 0, 0, 7),
(409, '2022-12-31 10:56:00', 'RV.BK.160223.7.13.0000001', 'awal', '10400-001', '10600-001', 2000000, 1, 'Receivable', 0, 0, 7),
(410, '2022-12-31 10:57:00', 'RV.BK.160223.7.15.0000001', 'awwal', '10400-001', '10600-001', 1792000, 1, 'Receivable', 0, 0, 7),
(411, '2022-12-31 10:58:00', 'RV.BK.160223.7.16.0000001', 'awal', '10400-001', '10600-001', 4000000, 1, 'Receivable', 0, 0, 7),
(412, '2022-12-31 10:58:00', 'RV.BK.160223.7.17.0000001', 'awal', '10400-001', '10600-001', 870000, 1, 'Receivable', 0, 0, 7),
(413, '2022-12-31 10:59:00', 'RV.BK.160223.7.18.0000001', 'awal', '10400-002', '10600-001', 2997500, 1, 'Receivable', 0, 0, 7),
(414, '2022-12-31 10:59:00', 'RV.BK.160223.7.19.0000001', 'awal', '10400-002', '10600-001', 2000000, 1, 'Receivable', 0, 0, 7),
(415, '2023-01-25 11:00:00', 'RV.BK.160223.7.14.0000002', 'awal', '10400-001', '10600-001', 40000, 1, 'Receivable', 0, 0, 7),
(416, '2022-12-31 11:02:00', 'RV.BK.160223.7.21.0000001', 'FD', '10400-001', '10600-001', 40000, 1, 'Receivable', 0, 0, 7),
(417, '2022-12-31 11:03:00', 'RV.BK.160223.7.24.0000001', 'Retur vivo', '10400-001', '10600-001', 5519000, 1, 'Receivable', 0, 0, 7),
(418, '2022-12-31 11:08:00', 'PY.BK.160223.7.28.0000001', 'awal', '10600-001', '20100-001', 99683000, 1, 'Payable', 0, 0, 7),
(419, '2023-02-04 11:08:00', 'PY.BK.160223.7.25.0000002', 'awal', '10600-001', '20100-001', 644860, 1, 'Payable', 0, 0, 7),
(420, '2022-12-31 11:09:00', 'PY.BK.160223.7.29.0000004', 'awal', '10600-001', '20100-001', 80877400, 1, 'Payable', 0, 0, 7);

-- --------------------------------------------------------

--
-- Table structure for table `acc_coa`
--

CREATE TABLE `acc_coa` (
  `id` int(11) NOT NULL,
  `acc_code` varchar(60) NOT NULL,
  `acc_name` varchar(160) NOT NULL,
  `main_acc` varchar(160) NOT NULL,
  `status` varchar(1) NOT NULL,
  `type` varchar(160) NOT NULL,
  `st_balance` int(11) NOT NULL
) ENGINE=InnoDB DEFAULT CHARSET=utf8mb4;

--
-- Dumping data for table `acc_coa`
--

INSERT INTO `acc_coa` (`id`, `acc_code`, `acc_name`, `main_acc`, `status`, `type`, `st_balance`) VALUES
(1, '10100-001', 'Kas Kecil', 'Kas Dan Setara Kas', 'D', 'Assets', 2454000),
(2, '10100-002', 'Kas Besar Admin (Dana Belum Disetor)', 'Kas Dan Setara Kas', 'D', 'Assets', 23949110),
(3, '10200-001', 'Bank BCA an GEMILANG SOLUSI MUAMALAH', 'Bank Rupiah', 'D', 'Assets', 17652248),
(4, '10400-001', 'Piutang Usaha', 'Piutang', 'D', 'Assets', 0),
(5, '20100-001', 'Hutang Usaha', 'Utang Usaha Bersih', 'K', 'Liabilities', 0),
(7, '30100-001', 'Modal (Ekuitas)', 'Ekuitas', 'K', 'Ekuitas', 407638533),
(8, '40100-001', 'Penjualan Barang', 'Penjualan Barang Dan Jasa', 'K', 'Pendapatan', 0),
(9, '50100-001', 'Harga Pokok Penjualan (HPP)', 'Beban Pemakaian Bahan Baku', 'D', 'Harga Pokok Produksi', 0),
(10, '60101-001', 'Beban Gaji Karyawan Langsung', 'Beban Gaji Langsung', 'D', 'Biaya', 0),
(11, '30100-002', 'Laba Rugi', 'Ekuitas', 'K', 'Ekuitas', 8049280),
(12, '60101-002', 'Uang Makan Karyawan', 'Beban Gaji Langsung', 'D', 'Biaya', 0),
(13, '10400-002', 'Piutang Karyawan', 'Piutang', 'D', 'Assets', 0),
(14, '60105-001', 'Beban Listrik', 'Beban Bahan Pendukung Usaha', 'D', 'Biaya', 0),
(15, '60105-002', 'Beban Jasa Internet', 'Beban Bahan Pendukung Usaha', 'D', 'Biaya', 0),
(16, '60113-001', 'Beban Sponsorship dan Sumbangan', 'Beban Lain-Lain Corporate', 'D', 'Biaya', 0),
(17, '10600-001', 'Persediaan Barang', 'Persediaan', 'D', 'Assets', 0),
(18, '30100-003', 'Modal Diambil (Prive)', 'Ekuitas', 'K', 'Ekuitas', 0),
(19, '60110-001', 'Beban Rumah Tangga Kantor', 'Beban Lain-Lain', 'D', 'Biaya', 0),
(20, '60101-003', 'Upah Lembur Karyawan', 'Beban Gaji Langsung', 'D', 'Biaya', 0),
(21, '60110-002', 'Beban Keamanan', 'Beban Lain-Lain', 'D', 'Biaya', 0),
(22, '60110-003', 'Beban Kebersihan', 'Beban Lain-Lain', 'D', 'Biaya', 0),
(23, '60110-004', 'Beban Alat Tulis Kantor', 'Beban Lain-Lain', 'D', 'Biaya', 0),
(24, '60110-005', 'Beban Percetakan', 'Beban Lain-Lain', 'D', 'Biaya', 0),
(25, '40100-002', 'Pendapatan Jasa EDC & Transfer', 'Penjualan Barang Dan Jasa', 'K', 'Pendapatan', 0),
(26, '40100-003', 'Pendapatan HP Second', 'Penjualan Barang Dan Jasa', 'K', 'Pendapatan', 0),
(27, '60101-004', 'Upah Karyawan Harian', 'Beban Gaji Langsung', 'D', 'Biaya', 0),
(28, '60105-003', 'Beban Pulsa dan Kuota', 'Beban Bahan Pendukung Usaha', 'D', 'Biaya', 0),
(29, '60110-006', 'Beban BBM, Transportasi, Gas LPJ', 'Beban Lain-Lain', 'D', 'Biaya', 0),
(30, '60110-007', 'Beban Ongkir Paket', 'Beban Lain-Lain', 'D', 'Biaya', 0),
(31, '60110-008', 'Beban Jamuan Tamu', 'Beban Lain-Lain', 'D', 'Biaya', 0),
(32, '60110-009', 'Beban Bonus Penjualan HP', 'Beban Lain-Lain', 'D', 'Biaya', 0),
(33, '60109-001', 'Beban Pemeliharaan Listrik, Air, Internet, Telepon, CCTV', 'Beban Pemeliharaan Dan Perbaikan Aset Tetap', 'D', 'Biaya', 0),
(34, '60109-002', 'Beban Pemeliharaan Peralatan', 'Beban Pemeliharaan Dan Perbaikan Aset Tetap', 'D', 'Biaya', 0),
(35, '60109-003', 'Beban Pemeliharaan Spanduk dan Banner', 'Beban Pemeliharaan Dan Perbaikan Aset Tetap', 'D', 'Biaya', 0),
(36, '60109-004', 'Beban Pemeliharaan Kendaraan', 'Beban Pemeliharaan Dan Perbaikan Aset Tetap', 'D', 'Biaya', 0),
(37, '60110-010', 'Beban Iuran Desa', 'Beban Lain-Lain', 'D', 'Biaya', 0),
(38, '60101-005', 'Beban Bonus Penjualan Karyawan', 'Beban Gaji Langsung', 'D', 'Biaya', 0),
(39, '40100-004', 'Pendapatan Lain-lain', 'Penjualan Barang Dan Jasa', 'K', 'Pendapatan', 0),
(40, '60110-011', 'Beban Penyesuaian Stok & Kas', 'Beban Lain-Lain', 'D', 'Biaya', 0);

-- --------------------------------------------------------

--
-- Table structure for table `cashflow`
--

CREATE TABLE `cashflow` (
  `id` int(11) NOT NULL,
  `waktu` datetime NOT NULL,
  `invoice` varchar(30) NOT NULL,
  `masuk` int(11) NOT NULL,
  `keluar` int(11) NOT NULL,
  `status` int(11) NOT NULL,
  `deskripsi` varchar(160) NOT NULL,
  `date_modified` int(11) NOT NULL,
  `user_id` int(11) NOT NULL
) ENGINE=InnoDB DEFAULT CHARSET=utf8mb4;

-- --------------------------------------------------------

--
-- Table structure for table `contact`
--

CREATE TABLE `contact` (
  `id` int(11) NOT NULL,
  `nama` varchar(60) NOT NULL,
  `type` varchar(60) NOT NULL,
  `keterangan` varchar(160) DEFAULT NULL
) ENGINE=InnoDB DEFAULT CHARSET=utf8mb4;

--
-- Dumping data for table `contact`
--

INSERT INTO `contact` (`id`, `nama`, `type`, `keterangan`) VALUES
(1, 'Devi ID2413', 'Konsumen', 'AGEN GSM                            '),
(2, 'Om Deni', 'Konsumen', 'Promotor Realme                            '),
(3, 'Deva', 'Konsumen', 'VARIAN CELL                            '),
(4, 'Doni Sales', 'Konsumen', 'Sales GSM                            '),
(5, 'Pak Asep', 'Konsumen', 'Batagor                            '),
(6, 'Sri Wa Lukman', 'Konsumen', 'Teman H Iyan                            '),
(7, 'Latif Waro', 'Konsumen', 'Ahbab                            '),
(8, 'DOA IBU ID0098', 'Konsumen', 'Agen Okelink                            '),
(9, 'Sania', 'Konsumen', 'Bursa                            '),
(10, 'Ferdy', 'Konsumen', 'SSC                            '),
(11, 'H Iyan', 'Konsumen', 'Owner GSM                            '),
(12, 'Indra', 'Konsumen', 'Server                            '),
(13, 'Kuswani', 'Konsumen', 'Promotor OPPO                            '),
(14, 'Munawar', 'Konsumen', 'Oday                            '),
(15, 'SSM', 'Supplier', 'Dealer Samsung                            '),
(16, 'Hanny', 'Konsumen', 'Promotor                            '),
(17, 'Mang Deden', 'Konsumen', 'Agen GSM  '),
(18, 'Adea', 'Konsumen', 'Karyawan'),
(19, 'Wiseu', 'Konsumen', 'Karyawan'),
(20, 'Dhea Sales', 'Konsumen', 'Sales Smartfren'),
(21, 'Dadan', 'Konsumen', 'IT GSM'),
(22, 'Wandi Irlandia', 'Konsumen', 'Sales GSM'),
(23, 'Teh Febri', 'Konsumen', 'Agen GSM'),
(24, 'VIVO', 'Supplier', 'Dealer VIVO'),
(25, 'WELLCOMM', 'Supplier', 'Accessories dan Spare parts Handphone'),
(26, '88 Jaya', 'Supplier', 'Distributor HP dan Accessories'),
(27, 'Jaya Baru JBS', 'Supplier', 'Distributor HP dan Accessories'),
(28, 'PT GSM', 'Supplier', 'Owner'),
(29, 'Server GSMTronik', 'Supplier', 'Server'),
(30, 'Blibli Instore', 'Supplier', 'Blibli Online Store'),
(31, 'MEGA JAYA ABADI', 'Supplier', 'HP dan Accessories');

-- --------------------------------------------------------

--
-- Table structure for table `inventory`
--

CREATE TABLE `inventory` (
  `id` int(11) NOT NULL,
  `kode` varchar(10) NOT NULL,
  `nama` varchar(160) NOT NULL,
  `cat_id` int(11) NOT NULL,
  `beli` int(11) NOT NULL,
  `jual` int(11) NOT NULL,
  `stok` int(11) NOT NULL,
  `is_active` int(1) NOT NULL,
  `date_modified` int(11) NOT NULL
) ENGINE=InnoDB DEFAULT CHARSET=utf8mb4;

-- --------------------------------------------------------

--
-- Table structure for table `payable_tb`
--

CREATE TABLE `payable_tb` (
  `id` int(11) NOT NULL,
  `waktu` datetime NOT NULL,
  `invoice` varchar(60) NOT NULL,
  `contact_id` int(11) NOT NULL,
  `description` varchar(160) NOT NULL,
  `bill_amount` int(11) NOT NULL,
  `pay_amount` int(11) NOT NULL,
  `pay_stats` int(11) NOT NULL,
  `pay_nth` int(11) NOT NULL,
  `rv_type` varchar(60) NOT NULL
) ENGINE=InnoDB DEFAULT CHARSET=utf8mb4;

--
-- Dumping data for table `payable_tb`
--

INSERT INTO `payable_tb` (`id`, `waktu`, `invoice`, `contact_id`, `description`, `bill_amount`, `pay_amount`, `pay_stats`, `pay_nth`, `rv_type`) VALUES
(1, '2023-02-02 15:41:00', 'PY.BK.100223.7.25.0000001', 25, 'Bon ACC', 2486000, 0, 0, 0, '20100-001'),
(2, '2023-02-02 15:41:00', 'PY.BK.100223.7.25.0000001', 25, 'Bayar ACC', 0, 2486000, 1, 1, '20100-001'),
(3, '2023-02-01 16:32:00', 'PY.BK.100223.7.31.0000001', 31, 'bon acc', 2700000, 0, 0, 0, '20100-001'),
(7, '2023-02-02 12:30:00', 'PY.BK.100223.7.31.0000001', 31, 'Bayar BON', 0, 2700000, 1, 1, '10200-001'),
(8, '2023-02-02 14:04:00', 'PY.BK.150223.7.29.0000001', 29, 'Pinjaman dari setoran deposit', 5312421, 0, 0, 0, '20100-001'),
(9, '2023-02-03 14:16:00', 'PY.BK.150223.7.29.0000001', 29, 'bayar bon', 0, 5312421, 1, 1, '10200-001'),
(10, '2023-01-31 14:52:00', 'PY.BK.150223.7.29.0000002', 29, 'pinjman sementara', 20000000, 0, 0, 0, '20100-001'),
(11, '2023-02-06 14:53:00', 'PY.BK.150223.7.29.0000002', 29, 'bayar pinjaman', 0, 20000000, 1, 1, '10200-001'),
(12, '2023-02-06 14:56:00', 'PY.BK.150223.7.29.0000003', 29, 'Pinjamn dari setoran deposit', 5067455, 0, 0, 0, '20100-001'),
(13, '2023-02-07 15:12:00', 'PY.BK.150223.7.29.0000003', 29, 'bayar pinjaman', 0, 5067455, 1, 1, '10200-001'),
(14, '2022-12-31 11:08:00', 'PY.BK.160223.7.28.0000001', 28, 'awal', 99683000, 0, 0, 0, '20100-001'),
(15, '2023-02-04 11:08:00', 'PY.BK.160223.7.25.0000002', 25, 'awal', 644860, 0, 0, 0, '20100-001'),
(16, '2022-12-31 11:09:00', 'PY.BK.160223.7.29.0000004', 29, 'awal', 80877400, 0, 0, 0, '20100-001');

-- --------------------------------------------------------

--
-- Table structure for table `product_cat`
--

CREATE TABLE `product_cat` (
  `id` int(11) NOT NULL,
  `category` varchar(30) NOT NULL,
  `prefix` varchar(2) NOT NULL
) ENGINE=InnoDB DEFAULT CHARSET=utf8mb4;

-- --------------------------------------------------------

--
-- Table structure for table `product_trace`
--

CREATE TABLE `product_trace` (
  `id` int(11) NOT NULL,
  `waktu` datetime NOT NULL,
  `invoice` varchar(30) NOT NULL,
  `contact_id` int(11) NOT NULL,
  `product_id` int(11) NOT NULL,
  `purchases` int(11) NOT NULL,
  `sales` int(11) NOT NULL,
  `price` int(11) NOT NULL,
  `cost` int(11) NOT NULL,
  `status` int(11) NOT NULL,
  `date_created` int(11) NOT NULL,
  `user_id` int(11) NOT NULL
) ENGINE=InnoDB DEFAULT CHARSET=utf8mb4;

-- --------------------------------------------------------

--
-- Table structure for table `receivable_tb`
--

CREATE TABLE `receivable_tb` (
  `id` int(11) NOT NULL,
  `waktu` datetime NOT NULL,
  `invoice` varchar(60) NOT NULL,
  `contact_id` int(11) NOT NULL,
  `description` varchar(160) NOT NULL,
  `bill_amount` int(11) NOT NULL,
  `pay_amount` int(11) NOT NULL,
  `pay_stats` int(11) NOT NULL,
  `pay_nth` int(11) NOT NULL,
  `rv_type` varchar(60) NOT NULL
) ENGINE=InnoDB DEFAULT CHARSET=utf8mb4;

--
-- Dumping data for table `receivable_tb`
--

INSERT INTO `receivable_tb` (`id`, `waktu`, `invoice`, `contact_id`, `description`, `bill_amount`, `pay_amount`, `pay_stats`, `pay_nth`, `rv_type`) VALUES
(1, '2023-02-07 16:23:00', 'RV.BK.100223.7.30.0000001', 30, 'Penjualan Blibli Instore', 4899020, 0, 0, 0, '10600-001'),
(2, '2023-02-08 16:24:00', 'RV.BK.100223.7.30.0000001', 30, 'Tarik Saldo Blibli', 0, 4899020, 1, 1, '10100-002'),
(3, '2023-01-31 10:43:00', 'RV.BK.150223.7.23.0000001', 23, 'Bon HP', 2210000, 0, 0, 0, '10600-001'),
(4, '2023-02-01 10:44:00', 'RV.BK.150223.7.23.0000001', 23, 'Bayar Cash', 0, 2210000, 1, 1, '10100-002'),
(5, '2023-01-31 10:50:00', 'RV.BK.150223.7.4.0000001', 4, 'Wandi voucher', 124600, 0, 0, 0, '10600-001'),
(6, '2023-02-01 10:52:00', 'RV.BK.150223.7.4.0000001', 4, 'Bayar Cash', 0, 124600, 1, 1, '10100-002'),
(7, '2023-01-31 11:12:00', 'RV.BK.150223.7.9.0000001', 9, 'Bon HP', 848000, 0, 0, 0, '10600-001'),
(8, '2023-02-01 11:14:00', 'RV.BK.150223.7.9.0000001', 9, 'Bayar Cicilan', 0, 200000, 1, 1, '10100-002'),
(9, '2023-02-02 11:55:00', 'RV.BK.150223.7.22.0000001', 22, 'Bon voucher', 653500, 0, 0, 0, '10600-001'),
(10, '2023-02-02 12:00:00', 'RV.BK.150223.7.22.0000002', 22, 'bon voucher', 88000, 0, 0, 0, '10600-001'),
(11, '2023-02-02 12:02:00', 'RV.BK.150223.7.23.0000002', 23, 'Bon HP', 3120000, 0, 0, 0, '10600-001'),
(13, '2023-02-05 12:06:00', 'RV.BK.150223.7.22.0000003', 22, 'bon voucher', 178000, 0, 0, 0, '10600-001'),
(14, '2023-02-08 12:06:00', 'RV.BK.150223.7.23.0000003', 23, 'bon hp', 1435000, 0, 0, 0, '10600-001'),
(15, '2023-02-08 12:07:00', 'RV.BK.150223.7.22.0000004', 22, 'bon voucher', 76900, 0, 0, 0, '10600-001'),
(16, '2023-02-09 12:07:00', 'RV.BK.150223.7.23.0000004', 23, 'bon hp', 3200000, 0, 0, 0, '10600-001'),
(17, '2023-02-09 12:08:00', 'RV.BK.150223.7.22.0000005', 22, 'bon voucher', 50000, 0, 0, 0, '10600-001'),
(18, '2023-02-10 12:08:00', 'RV.BK.150223.7.23.0000005', 23, 'bon hp', 3400000, 0, 0, 0, '10600-001'),
(19, '2023-02-02 12:10:00', 'RV.BK.150223.7.22.0000001', 22, 'Bayar cash', 0, 653500, 1, 1, '10100-002'),
(20, '2023-02-02 12:11:00', 'RV.BK.150223.7.22.0000002', 22, 'bayar cash', 0, 88000, 1, 1, '10100-002'),
(21, '2023-01-27 12:13:00', 'RV.BK.150223.7.20.0000001', 20, 'kp smart', 100000, 0, 0, 0, '10600-001'),
(22, '2023-02-02 12:13:00', 'RV.BK.150223.7.20.0000001', 20, 'bayar cash', 0, 100000, 1, 1, '10100-002'),
(23, '2023-02-03 14:09:00', 'RV.BK.150223.7.23.0000002', 23, 'bayar', 0, 3120000, 1, 1, '10100-002'),
(24, '2023-02-05 14:35:00', 'RV.BK.150223.7.22.0000003', 22, 'Bayar cash', 0, 178000, 1, 1, '10100-002'),
(25, '2022-12-30 14:39:00', 'RV.BK.150223.7.14.0000001', 14, 'HP', 449000, 0, 0, 0, '10600-001'),
(26, '2023-02-06 14:40:00', 'RV.BK.150223.7.14.0000001', 14, 'bayar', 0, 449000, 1, 1, '10100-002'),
(27, '2022-12-31 10:51:00', 'RV.BK.160223.7.1.0000001', 1, 'awal piutang', 11430000, 0, 0, 0, '10600-001'),
(28, '2022-12-31 10:51:00', 'RV.BK.160223.7.2.0000001', 2, 'awal piutang', 15345000, 0, 0, 0, '10600-001'),
(29, '2022-12-31 10:52:00', 'RV.BK.160223.7.3.0000001', 3, 'awal', 2000000, 0, 0, 0, '10600-001'),
(30, '2022-12-31 10:52:00', 'RV.BK.160223.7.4.0000002', 4, 'awal', 83500, 0, 0, 0, '10600-001'),
(31, '2022-12-31 10:53:00', 'RV.BK.160223.7.5.0000001', 5, 'awal', 28175000, 0, 0, 0, '10600-001'),
(32, '2022-12-31 10:53:00', 'RV.BK.160223.7.6.0000001', 6, 'awal', 1000000, 0, 0, 0, '10600-001'),
(33, '2022-12-31 10:54:00', 'RV.BK.160223.7.7.0000001', 7, 'awal', 817300, 0, 0, 0, '10600-001'),
(34, '2022-12-31 10:54:00', 'RV.BK.160223.7.8.0000001', 8, 'awal', 675000, 0, 0, 0, '10600-001'),
(35, '2022-12-31 10:55:00', 'RV.BK.160223.7.10.0000001', 10, 'awal', 800000, 0, 0, 0, '10600-001'),
(36, '2022-12-31 10:55:00', 'RV.BK.160223.7.11.0000001', 11, 'awal', 17665000, 0, 0, 0, '10600-001'),
(37, '2022-12-31 10:56:00', 'RV.BK.160223.7.12.0000001', 12, 'awal', 689000, 0, 0, 0, '10600-001'),
(38, '2022-12-31 10:56:00', 'RV.BK.160223.7.13.0000001', 13, 'awal', 2000000, 0, 0, 0, '10600-001'),
(39, '2022-12-31 10:57:00', 'RV.BK.160223.7.15.0000001', 15, 'awwal', 1792000, 0, 0, 0, '10600-001'),
(40, '2022-12-31 10:58:00', 'RV.BK.160223.7.16.0000001', 16, 'awal', 4000000, 0, 0, 0, '10600-001'),
(41, '2022-12-31 10:58:00', 'RV.BK.160223.7.17.0000001', 17, 'awal', 870000, 0, 0, 0, '10600-001'),
(42, '2022-12-31 10:59:00', 'RV.BK.160223.7.18.0000001', 18, 'awal', 2997500, 0, 0, 0, '10600-001'),
(43, '2022-12-31 10:59:00', 'RV.BK.160223.7.19.0000001', 19, 'awal', 2000000, 0, 0, 0, '10600-001'),
(44, '2023-01-25 11:00:00', 'RV.BK.160223.7.14.0000002', 14, 'awal', 40000, 0, 0, 0, '10600-001'),
(45, '2022-12-31 11:02:00', 'RV.BK.160223.7.21.0000001', 21, 'FD', 40000, 0, 0, 0, '10600-001'),
(46, '2022-12-31 11:03:00', 'RV.BK.160223.7.24.0000001', 24, 'Retur vivo', 5519000, 0, 0, 0, '10600-001');

-- --------------------------------------------------------

--
-- Table structure for table `setting`
--

CREATE TABLE `setting` (
  `id` int(11) NOT NULL,
  `brand_name` varchar(15) NOT NULL,
  `slogan` varchar(30) DEFAULT NULL,
  `address` varchar(160) NOT NULL,
  `phone` varchar(15) NOT NULL,
  `kas_awal` int(11) NOT NULL
) ENGINE=InnoDB DEFAULT CHARSET=utf8mb4;

--
-- Dumping data for table `setting`
--

INSERT INTO `setting` (`id`, `brand_name`, `slogan`, `address`, `phone`, `kas_awal`) VALUES
(1, 'SINDYCELLULAR', 'Jaya Jaya Jaya', 'Kp Simpang, Panundaan, Ciwidey, Bandung, Jawa Barat, 40973', '0225927428', 0);

-- --------------------------------------------------------

--
-- Table structure for table `status`
--

CREATE TABLE `status` (
  `id` int(11) NOT NULL,
  `status` varchar(30) NOT NULL
) ENGINE=InnoDB DEFAULT CHARSET=utf8mb4;

--
-- Dumping data for table `status`
--

INSERT INTO `status` (`id`, `status`) VALUES
(1, 'Aktif'),
(2, 'Void');

-- --------------------------------------------------------

--
-- Table structure for table `user`
--

CREATE TABLE `user` (
  `id` int(11) NOT NULL,
  `username` varchar(30) NOT NULL,
  `fullname` varchar(160) NOT NULL,
  `password` varchar(360) NOT NULL,
  `role` int(11) NOT NULL,
  `date_reg` int(11) NOT NULL,
  `last_login` int(11) NOT NULL,
  `status` int(1) NOT NULL
) ENGINE=InnoDB DEFAULT CHARSET=utf8mb4;

--
-- Dumping data for table `user`
--

INSERT INTO `user` (`id`, `username`, `fullname`, `password`, `role`, `date_reg`, `last_login`, `status`) VALUES
(7, 'administrator', 'Administrator', '$2y$10$8A9am7VSx50MGCvnVi.Luegdet2ZJyenak/igCaH7B6kWxEP1Nq3e', 1, 1669868304, 1676519188, 1);

-- --------------------------------------------------------

--
-- Table structure for table `user_role`
--

CREATE TABLE `user_role` (
  `id` int(11) NOT NULL,
  `role` varchar(30) NOT NULL
) ENGINE=InnoDB DEFAULT CHARSET=utf8mb4;

--
-- Dumping data for table `user_role`
--

INSERT INTO `user_role` (`id`, `role`) VALUES
(1, 'Administrator'),
(2, 'Kasir'),
(3, 'Staff');

--
-- Indexes for dumped tables
--

--
-- Indexes for table `accounts`
--
ALTER TABLE `accounts`
  ADD PRIMARY KEY (`id`);

--
-- Indexes for table `account_trace`
--
ALTER TABLE `account_trace`
  ADD PRIMARY KEY (`id`);

--
-- Indexes for table `acc_coa`
--
ALTER TABLE `acc_coa`
  ADD PRIMARY KEY (`id`);

--
-- Indexes for table `cashflow`
--
ALTER TABLE `cashflow`
  ADD PRIMARY KEY (`id`);

--
-- Indexes for table `contact`
--
ALTER TABLE `contact`
  ADD PRIMARY KEY (`id`);

--
-- Indexes for table `inventory`
--
ALTER TABLE `inventory`
  ADD PRIMARY KEY (`id`),
  ADD KEY `kode` (`kode`);

--
-- Indexes for table `payable_tb`
--
ALTER TABLE `payable_tb`
  ADD PRIMARY KEY (`id`);

--
-- Indexes for table `product_cat`
--
ALTER TABLE `product_cat`
  ADD PRIMARY KEY (`id`);

--
-- Indexes for table `product_trace`
--
ALTER TABLE `product_trace`
  ADD PRIMARY KEY (`id`);

--
-- Indexes for table `receivable_tb`
--
ALTER TABLE `receivable_tb`
  ADD PRIMARY KEY (`id`);

--
-- Indexes for table `setting`
--
ALTER TABLE `setting`
  ADD PRIMARY KEY (`id`);

--
-- Indexes for table `status`
--
ALTER TABLE `status`
  ADD PRIMARY KEY (`id`);

--
-- Indexes for table `user`
--
ALTER TABLE `user`
  ADD PRIMARY KEY (`id`);

--
-- Indexes for table `user_role`
--
ALTER TABLE `user_role`
  ADD PRIMARY KEY (`id`);

--
-- AUTO_INCREMENT for dumped tables
--

--
-- AUTO_INCREMENT for table `accounts`
--
ALTER TABLE `accounts`
  MODIFY `id` int(11) NOT NULL AUTO_INCREMENT, AUTO_INCREMENT=45;

--
-- AUTO_INCREMENT for table `account_trace`
--
ALTER TABLE `account_trace`
  MODIFY `id` int(11) NOT NULL AUTO_INCREMENT, AUTO_INCREMENT=421;

--
-- AUTO_INCREMENT for table `acc_coa`
--
ALTER TABLE `acc_coa`
  MODIFY `id` int(11) NOT NULL AUTO_INCREMENT, AUTO_INCREMENT=41;

--
-- AUTO_INCREMENT for table `cashflow`
--
ALTER TABLE `cashflow`
  MODIFY `id` int(11) NOT NULL AUTO_INCREMENT;

--
-- AUTO_INCREMENT for table `contact`
--
ALTER TABLE `contact`
  MODIFY `id` int(11) NOT NULL AUTO_INCREMENT, AUTO_INCREMENT=32;

--
-- AUTO_INCREMENT for table `inventory`
--
ALTER TABLE `inventory`
  MODIFY `id` int(11) NOT NULL AUTO_INCREMENT;

--
-- AUTO_INCREMENT for table `payable_tb`
--
ALTER TABLE `payable_tb`
  MODIFY `id` int(11) NOT NULL AUTO_INCREMENT, AUTO_INCREMENT=17;

--
-- AUTO_INCREMENT for table `product_cat`
--
ALTER TABLE `product_cat`
  MODIFY `id` int(11) NOT NULL AUTO_INCREMENT;

--
-- AUTO_INCREMENT for table `product_trace`
--
ALTER TABLE `product_trace`
  MODIFY `id` int(11) NOT NULL AUTO_INCREMENT;

--
-- AUTO_INCREMENT for table `receivable_tb`
--
ALTER TABLE `receivable_tb`
  MODIFY `id` int(11) NOT NULL AUTO_INCREMENT, AUTO_INCREMENT=47;

--
-- AUTO_INCREMENT for table `setting`
--
ALTER TABLE `setting`
  MODIFY `id` int(11) NOT NULL AUTO_INCREMENT, AUTO_INCREMENT=2;

--
-- AUTO_INCREMENT for table `status`
--
ALTER TABLE `status`
  MODIFY `id` int(11) NOT NULL AUTO_INCREMENT, AUTO_INCREMENT=4;

--
-- AUTO_INCREMENT for table `user`
--
ALTER TABLE `user`
  MODIFY `id` int(11) NOT NULL AUTO_INCREMENT, AUTO_INCREMENT=8;

--
-- AUTO_INCREMENT for table `user_role`
--
ALTER TABLE `user_role`
  MODIFY `id` int(11) NOT NULL AUTO_INCREMENT, AUTO_INCREMENT=4;
COMMIT;

/*!40101 SET CHARACTER_SET_CLIENT=@OLD_CHARACTER_SET_CLIENT */;
/*!40101 SET CHARACTER_SET_RESULTS=@OLD_CHARACTER_SET_RESULTS */;
/*!40101 SET COLLATION_CONNECTION=@OLD_COLLATION_CONNECTION */;
